"WHO_REGION","CODE","NAME","CoverageDTP1","CoverageDTP3","VaccineDose","VaccinePregnantTime","VaccinePregnant","VaccineAdult","VaccineRisk","TimeLastShot","TimeFirstShot","VaccineCode","OutbreakSize2022","OutbreakSize2023","OutbreakSize","IncidencePre","IncidencePre25","IncidencePre75","IncidencePreIQR","Incidence2022","Change2022","Incidence2023","Change2023","Region","Income.group"
"EMRO","AFG","Afghanistan",77,69,3,NA,0,0,0,3.2183908045977,1.37931034482759,"wP","Normal","Resurgence",3,1,0,432,432,331,0.04,1531,2.48,"South Asia","Low income"
"EURO","ALB","Albania",98,97,4,NA,0,0,0,24,2,"wP","Low","Low",0,9,5.5,16.75,11.25,0,-0.98,1,-0.9,"Europe & Central Asia","Mild income"
"AFRO","DZA","Algeria",91,77,4,NA,0,0,0,72,2,"aP","Low","Normal",1,2,0,17,17,0,-0.58,12,-0.27,"Middle East & North Africa","Mild income"
"EURO","AND","Andorra",99,98,5,NA,1,0,0,180,2,"aP","Low","Resurgence",3,2.5,1,5.5,4.5,0,-0.69,14,1.45,"Europe & Central Asia","High income"
"AFRO","AGO","Angola",53,42,3,NA,0,0,0,6,2,"wP","Unavailable","Unavailable",NA,0,0,1259,1259,NA,NA,NA,NA,"Sub-Saharan Africa","Mild income"
"AMRO","AIA","Anguilla",NA,NA,5,NA,0,0,1,60,2,"wP","Low","Low",0,0,0,0,0,0,-Inf,0,-Inf,NA,"Low income"
"AMRO","ATG","Antigua and Barbuda",99,99,4,NA,0,0,0,18,2,"wP","Low","Low",0,0,0,0,0,0,-Inf,0,-Inf,"Latin America & Caribbean","High income"
"AMRO","ARG","Argentina",87,81,6,"20-40w",1,0,1,132,2,"Both","Low","Low",0,975,873,1207.25,334.25,196,-1.38,605,-0.83,"Latin America & Caribbean","Mild income"
"EURO","ARM","Armenia",96,93,6,NA,0,0,0,192,1.37931034482759,"aP","Low","Normal",1,28.5,9.75,67.5,57.75,1,-0.88,50,0.11,"Europe & Central Asia","Mild income"
"AMRO","ABW","Aruba",NA,NA,6,NA,0,0,1,120,2,"aP","Low","Normal",1,1,0.5,1,0.5,0,-1.16,1,0.58,"Latin America & Caribbean","High income"
"WPRO","AUS","Australia",98,94,6,"20-32w",1,0,0,156,2,"aP","Low","Low",0,16296,12165.25,23518.25,11353,479,-2,2442,-1.79,"East Asia & Pacific","High income"
"EURO","AUT","Austria",91,84,4,"27-36w",1,0,0,96,2,"aP","Low","High",2,579,414,1411,997,164,-1.13,2790,2.27,"Europe & Central Asia","High income"
"EURO","AZE","Azerbaijan",90,83,4,NA,0,0,0,18,2,"wP","Low","Normal",1,0,0,12.25,12.25,0,-0.65,3,-0.34,"Europe & Central Asia","Mild income"
"AMRO","BHS","Bahamas",98,87,6,NA,1,0,0,144,2,"Both","Resurgence","Low",3,0,0,0,0,1,Inf,0,-Inf,"Latin America & Caribbean","High income"
"EMRO","BHR","Bahrain",97,97,6,NA,0,1,1,156,2,"Both","Low","Low",0,0.5,0,1,1,0,-0.66,0,-0.66,"Middle East & North Africa","High income"
"SEARO","BGD","Bangladesh",99,98,3,NA,0,0,0,3.2183908045977,1.37931034482759,"wP","Low","Low",0,11.5,1.5,12.75,11.25,0,-0.88,0,-0.88,"South Asia","Mild income"
"AMRO","BRB","Barbados",87,86,4,NA,0,0,1,54,2,"wP","Low","Low",0,0,0,0,0,0,-0.32,0,-0.32,"Latin America & Caribbean","High income"
"EURO","BLR","Belarus",98,98,4,NA,0,0,1,18,2,"wP","Low","High",2,509.5,235.5,562.5,327,28,-1.83,881,1.99,"Europe & Central Asia","Mild income"
"EURO","BEL","Belgium",98,98,6,"24-32w",1,1,0,192,1.83908045977012,"aP","Low","Normal",1,1172.5,685.5,1464.25,778.75,80,-1.56,1046,-0.04,"Europe & Central Asia","High income"
"AMRO","BLZ","Belize",91,84,5,NA,0,0,0,48,2,"wP","Low","Low",0,1.5,0,3.75,3.75,0,-0.44,0,-0.44,"Latin America & Caribbean","Mild income"
"AFRO","BEN","Benin",84,76,3,NA,0,0,0,3.2183908045977,1.37931034482759,"wP","Low","Resurgence",3,0,0,0,0,0,-0.41,1,-0.36,"Sub-Saharan Africa","Mild income"
"AMRO","BMU","Bermuda",NA,NA,6,NA,1,0,0,216,2,"aP","Low","Low",0,2,2,2,0,1,-Inf,1,-Inf,"North America","High income"
"SEARO","BTN","Bhutan",98,98,3,NA,0,0,0,24,1.37931034482759,"wP","Low","Low",0,1.5,0,7,7,0,-0.76,0,-0.76,"South Asia","Mild income"
"AMRO","BOL","Bolivia (Plurinational State of)",75,69,5,NA,0,0,0,48,2,"wP","Resurgence","Resurgence",3,16,1.75,28.5,26.75,223,8.85,827,35.21,"Latin America & Caribbean","Mild income"
"EURO","BIH","Bosnia and Herzegovina",85,75,4,NA,0,0,0,84,2,"aP","Low","High",2,30,19.5,63.5,44,0,-1.08,100,1.21,"Europe & Central Asia","Mild income"
"AFRO","BWA","Botswana",98,86,3,NA,0,0,0,4,2,"wP","Low","Low",0,0,0,0,0,0,-Inf,0,-Inf,"Sub-Saharan Africa","Mild income"
"AMRO","BRA","Brazil",84,77,5,"20-32w",1,1,1,48,2,"wP","Low","Low",0,2244.5,1518.25,4638.25,3120,246,-1.18,210,-1.2,"Latin America & Caribbean","Mild income"
"AMRO","VGB","British Virgin Islands",NA,NA,5,NA,1,0,0,48,2,"wP","Low","Low",0,0,0,0,0,0,-Inf,0,-Inf,"Latin America & Caribbean","High income"
"WPRO","BRN","Brunei Darussalam",99,99,4,NA,0,0,0,60,2,"aP","Low","Low",0,1,0,3,3,0,-0.96,0,-0.96,"East Asia & Pacific","High income"
"EURO","BGR","Bulgaria",94,91,6,NA,0,0,0,144,2,"aP","Low","Low",0,79.5,52.5,101,48.5,17,-2.03,20,-1.93,"Europe & Central Asia","Mild income"
"AFRO","BFA","Burkina Faso",95,91,3,NA,0,0,0,3.67816091954023,1.83908045977012,"wP","Normal","Normal",1,6.5,0.75,12,11.25,5,-0.34,1,-0.42,"Sub-Saharan Africa","Low income"
"AFRO","BDI","Burundi",93,91,4,NA,0,0,0,18,1.37931034482759,"wP","Unavailable","Unavailable",NA,0,0,0,0,NA,NA,NA,NA,"Sub-Saharan Africa","Low income"
"AFRO","CPV","Cabo Verde",97,93,4,NA,0,0,0,18,2,"wP","Low","Low",0,0,0,0.25,0.25,0,-0.38,0,-0.38,"Sub-Saharan Africa","Mild income"
"WPRO","KHM","Cambodia",92,85,3,NA,0,0,0,3.2183908045977,1.37931034482759,"wP","Low","Low",0,20,9,22,13,1,-0.47,9,-0.4,"East Asia & Pacific","Mild income"
"AFRO","CMR","Cameroon",75,68,3,NA,0,0,0,3.2183908045977,1.37931034482759,"wP","Unavailable","Unavailable",NA,NA,NA,NA,NA,NA,NA,NA,NA,"Sub-Saharan Africa","Mild income"
"AMRO","CAN","Canada",94,92,6,"27-32w",1,1,0,192,2,"aP","Low","Normal",1,2111.5,1327.5,3799.5,2472,208,-1.51,1433,-0.69,"North America","High income"
"AMRO","CYM","Cayman Islands",NA,NA,6,NA,1,0,0,192,2,"aP","Low","Low",0,0,0,0,0,0,-Inf,0,-Inf,"Latin America & Caribbean","High income"
"AFRO","CAF","Central African Republic",54,42,3,NA,0,0,0,3.2183908045977,1.37931034482759,"wP","Low","Normal",1,297,124,467.5,343.5,15,-1.14,193,-0.5,"Sub-Saharan Africa","Low income"
"AFRO","TCD","Chad",74,60,3,NA,0,0,0,3.2183908045977,1.37931034482759,"wP","Unavailable","Unavailable",NA,NA,NA,NA,NA,NA,NA,NA,NA,"Sub-Saharan Africa","Low income"
"AMRO","CHL","Chile",99,96,6,NA,1,0,0,156,2,"aP","Low","Low",0,821.5,738.5,1754.25,1015.75,0,-0.96,424,-0.7,"Latin America & Caribbean","High income"
"WPRO","CHN","China",99,99,4,NA,0,0,0,18,3,"aP","Resurgence","Resurgence",3,4496,2266.5,9457,7190.5,38295,3.04,41124,3.33,"East Asia & Pacific","Mild income"
"WPRO","HKG","China, Hong Kong SAR",NA,NA,6,NA,1,0,0,132,2,"aP","Low","Low",0,30.5,20.75,64.25,43.5,3,-1.2,15,-0.86,"East Asia & Pacific","High income"
"WPRO","MAC","China, Macao SAR",NA,NA,6,NA,1,0,1,144,2,"aP","Low","Normal",1,1,0,1,1,0,-0.71,1,-0.13,"East Asia & Pacific","High income"
"AMRO","COL","Colombia",91,87,4,NA,1,0,1,18,2,"wP","Low","Low",0,635,364.25,1004,639.75,111,-0.5,54,-0.51,"Latin America & Caribbean","Mild income"
"AFRO","COM","Comoros",90,88,3,NA,0,0,0,3.2183908045977,1.37931034482759,"wP","Unavailable","Low",0,0,0,0,0,NA,NA,0,-Inf,"Sub-Saharan Africa","Mild income"
"AFRO","COG","Congo",82,78,3,NA,0,0,0,3.67816091954023,1.83908045977012,"wP","Unavailable","Normal",1,0,0,12,12,NA,NA,1,-0.4,"Sub-Saharan Africa","Mild income"
"WPRO","COK","Cook Islands",91,72,4,NA,0,0,0,48,1.37931034482759,"aP","Unavailable","Unavailable",NA,0,0,0,0,NA,NA,NA,NA,NA,"Low income"
"AMRO","CRI","Costa Rica",98,95,5,NA,1,0,1,48,2,"aP","Low","Low",0,54.5,32.25,67.75,35.5,5,-1.55,22,-1.03,"Latin America & Caribbean","Mild income"
"AFRO","CIV","Côte d'Ivoire",85,76,3,NA,0,0,0,3.2183908045977,1.37931034482759,"wP","Unavailable","Resurgence",3,4,2.5,89,86.5,NA,NA,927,8.76,"Sub-Saharan Africa","Mild income"
"EURO","HRV","Croatia",98,92,5,NA,0,0,0,72,2,"aP","Low","Resurgence",3,80,57,108,51,2,-2.57,4806,148.04,"Europe & Central Asia","High income"
"AMRO","CUB","Cuba",99,99,4,NA,0,0,1,18,2,"wP","Low","Low",0,0,0,0,0,0,-Inf,0,-Inf,"Latin America & Caribbean","Mild income"
"AMRO","CUW","Curaçao",NA,NA,4,NA,0,0,0,15,2,"wP","Unavailable","Unavailable",NA,2,1.5,2.5,1,NA,NA,NA,NA,"Latin America & Caribbean","High income"
"EURO","CYP","Cyprus",98,96,6,NA,1,1,0,144,2,"aP","Low","Low",0,2,2,8.5,6.5,0,-0.89,2,-0.58,"Europe & Central Asia","High income"
"EURO","CZE","Czechia",98,94,5,NA,0,0,0,120,3,"aP","Low","Low",0,702.5,635.75,1112.75,477,94,-1.35,494,-0.72,"Europe & Central Asia","High income"
"SEARO","PRK","Democratic People's Republic of Korea",40,0,3,NA,0,0,0,3.2183908045977,1.37931034482759,"wP","Low","Unavailable",0,0,0,0,0,0,-0.49,NA,NA,"East Asia & Pacific","Low income"
"AFRO","COD","Democratic Republic of the Congo",81,65,3,NA,0,0,0,3.2183908045977,1.37931034482759,"wP","High","Normal",2,1326,0,2157,2157,2752,1.15,600,-0.63,"Sub-Saharan Africa","Low income"
"EURO","DNK","Denmark",98,97,4,NA,0,0,0,60,3,"aP","Low","Resurgence",3,971,576.75,1067.75,491,52,-1.01,6059,4.6,"Europe & Central Asia","High income"
"EMRO","DJI","Djibouti",70,59,4,NA,0,0,0,15,1.37931034482759,"wP","Low","Low",0,0,0,0,0,0,NA,0,NA,"Middle East & North Africa","Mild income"
"AMRO","DMA","Dominica",95,92,5,NA,0,0,0,36,2,"wP","Low","Low",0,0,0,0,0,0,-Inf,0,-Inf,"Latin America & Caribbean","Mild income"
"AMRO","DOM","Dominican Republic",99,88,5,NA,1,0,1,48,2,"wP","Low","Low",0,39,19.25,90.75,71.5,5,-1.04,16,-0.82,"Latin America & Caribbean","Mild income"
"AMRO","ECU","Ecuador",74,70,5,NA,0,0,0,60,2,"wP","High","Resurgence",3,23,7.5,49.25,41.75,57,1.28,185,6.74,"Latin America & Caribbean","Mild income"
"EMRO","EGY","Egypt",97,97,4,NA,0,0,0,18,2,"wP","Low","Low",0,0,0,0,0,0,-Inf,0,-Inf,"Middle East & North Africa","Mild income"
"AMRO","SLV","El Salvador",76,75,5,NA,1,0,1,48,2,"Both","Low","Low",0,7,2.25,12.5,10.25,0,-0.87,0,-0.87,"Latin America & Caribbean","Mild income"
"AFRO","GNQ","Equatorial Guinea",77,53,4,NA,0,0,0,18,1.37931034482759,"wP","Unavailable","Unavailable",NA,0,0,0,0,NA,NA,NA,NA,"Sub-Saharan Africa","Mild income"
"AFRO","ERI","Eritrea",97,95,3,NA,0,0,0,3.2183908045977,1.37931034482759,"wP","Low","Low",0,31,0,91,91,0,-0.84,0,-0.84,"Sub-Saharan Africa","Low income"
"EURO","EST","Estonia",86,85,5,NA,0,1,0,192,3,"aP","Low","Low",0,75.5,59.25,145.5,86.25,8,-0.6,30,-0.54,"Europe & Central Asia","High income"
"AFRO","SWZ","Eswatini",99,97,4,NA,0,0,0,18,1.37931034482759,"wP","Low","Unavailable",0,0,0,0,0,0,-0.32,NA,NA,"Sub-Saharan Africa","Mild income"
"AFRO","ETH","Ethiopia",70,65,3,NA,0,0,0,3.2183908045977,1.37931034482759,"wP","Low","Low",0,2423,2423,2423,0,6,NA,1613,NA,"Sub-Saharan Africa","Low income"
"WPRO","FJI","Fiji",99,99,3,NA,0,0,0,3.2183908045977,1.37931034482759,"wP","Low","Resurgence",3,0,0,0,0,0,-Inf,2,Inf,"East Asia & Pacific","Mild income"
"EURO","FIN","Finland",97,91,5,NA,0,1,0,180,3,"aP","Low","Low",0,415.5,300,496.5,196.5,35,-2.36,120,-1.8,"Europe & Central Asia","High income"
"EURO","FRA","France",99,96,5,"20-36w",1,1,0,156,2,"aP","Low","Low",0,84,56,155,99,45,-1.02,39,-1.13,"Europe & Central Asia","High income"
"WPRO","PYF","French Polynesia",NA,NA,5,NA,0,0,0,132,2,"aP","Low","Low",0,0,0,12,12,0,-0.61,0,-0.61,"East Asia & Pacific","High income"
"AFRO","GAB","Gabon",65,60,3,NA,0,0,0,3.2183908045977,1.37931034482759,"wP","Unavailable","Unavailable",NA,NA,NA,NA,NA,NA,NA,NA,NA,"Sub-Saharan Africa","Mild income"
"AFRO","GMB","Gambia",85,79,4,NA,0,0,0,18,2,"wP","Low","Low",0,0,0,0,0,0,-0.33,0,-0.33,"Sub-Saharan Africa","Low income"
"EURO","GEO","Georgia",95,85,5,NA,0,0,0,60,2,"aP","Low","Normal",1,148,99.25,287.5,188.25,40,-1.02,117,-0.55,"Europe & Central Asia","Mild income"
"EURO","DEU","Germany",98,91,5,"28-40w",1,1,1,192,2,"aP","Low","Low",0,12583.5,10791.5,13583.5,2792,1190,-4.4,2318,-3.96,"Europe & Central Asia","High income"
"AFRO","GHA","Ghana",99,99,3,NA,0,0,0,3.2183908045977,1.37931034482759,"wP","Low","Low",0,14.5,0,57.75,57.75,0,-0.77,0,-0.77,"Sub-Saharan Africa","Mild income"
"EURO","GRC","Greece",99,99,6,NA,0,1,0,144,2,"aP","Low","Low",0,24,17.5,52.25,34.75,1,-1.29,9,-0.99,"Europe & Central Asia","High income"
"AMRO","GRD","Grenada",79,77,4,NA,0,0,0,18,1.37931034482759,"wP","Low","Low",0,0,0,0,0,0,-Inf,0,-Inf,"Latin America & Caribbean","Mild income"
"WPRO","GUM","Guam",NA,NA,6,NA,1,1,0,132,2,"aP","Unavailable","Low",0,1,0,15.25,15.25,NA,NA,0,-0.45,"East Asia & Pacific","High income"
"AMRO","GTM","Guatemala",92,79,5,NA,1,0,1,48,2,"wP","Low","Low",0,61,27.25,79,51.75,0,-0.92,0,-0.92,"Latin America & Caribbean","Mild income"
"AFRO","GIN","Guinea",62,47,3,NA,0,0,0,3.2183908045977,1.37931034482759,"wP","Resurgence","Unavailable",3,0,0,0,0,7,Inf,NA,NA,"Sub-Saharan Africa","Mild income"
"AFRO","GNB","Guinea-Bissau",81,74,3,NA,0,0,0,3.2183908045977,1.37931034482759,"wP","Low","Low",0,0,0,0,0,0,-0.32,0,-0.32,"Sub-Saharan Africa","Low income"
"AMRO","GUY","Guyana",98,98,3,NA,0,0,0,6,2,"wP","Low","Low",0,0,0,0,0,0,-Inf,0,-Inf,"Latin America & Caribbean","High income"
"AMRO","HTI","Haiti",75,51,4,NA,0,0,0,15,1.37931034482759,"wP","Low","Normal",1,0,0,4,4,0,-0.65,4,0.19,"Latin America & Caribbean","Mild income"
"AMRO","HND","Honduras",80,78,5,NA,1,0,1,48,2,"wP","Low","Low",0,76,42.75,129.5,86.75,0,-1.3,2,-1.27,"Latin America & Caribbean","Mild income"
"EURO","HUN","Hungary",99,99,6,"16-32w",1,0,0,132,2,"aP","Low","Low",0,12,6.25,20,13.75,2,-1.44,2,-1.44,"Europe & Central Asia","High income"
"EURO","ISL","Iceland",95,92,5,NA,1,0,0,168,3,"aP","Low","Low",0,11,1.75,18,16.25,0,-1,0,-1,"Europe & Central Asia","High income"
"SEARO","IND","India",95,93,5,"27-36w",1,0,0,72,1.37931034482759,"wP","Low","Low",0,34181.5,24126,40153.75,16027.75,4362,-2.17,4949,-2.13,"South Asia","Mild income"
"SEARO","IDN","Indonesia",87,85,4,NA,0,0,0,18,2,"wP","Low","High",2,1043,433,2011.5,1578.5,414,-0.78,2163,0.8,"East Asia & Pacific","Mild income"
"EMRO","IRN","Iran (Islamic Republic of)",99,99,5,NA,0,0,0,72,2,"wP","Low","Low",0,288.5,123.25,603.5,480.25,59,-0.84,43,-0.87,"Middle East & North Africa","Mild income"
"EMRO","IRQ","Iraq",99,93,5,NA,0,0,0,72,2,"wP","Low","Low",0,1532,987,2030.25,1043.25,79,-1.7,723,-0.9,"Middle East & North Africa","Mild income"
"EURO","IRL","Ireland",97,93,5,"16-36w",1,0,1,156,2,"aP","Low","Low",0,170,117.25,225,107.75,7,-1.66,18,-1.56,"Europe & Central Asia","High income"
"EURO","ISR","Israel",99,98,6,"27-36w",1,0,1,156,2,"aP","Low","Unavailable",0,1451.5,1168.25,2289,1120.75,37,-1.33,NA,NA,"Middle East & North Africa","High income"
"EURO","ITA","Italy",98,95,5,"28-40w",1,1,0,216,3,"aP","Low","Low",0,263.5,196.5,458,261.5,62,-1.31,114,-1.07,"Europe & Central Asia","High income"
"AMRO","JAM","Jamaica",99,98,5,NA,0,0,0,72,1.37931034482759,"wP","Low","Low",0,0,0,0.75,0.75,0,-0.59,0,-0.59,"Latin America & Caribbean","Mild income"
"WPRO","JPN","Japan",99,99,3,NA,0,0,0,18,3,"aP","Unavailable","Unavailable",NA,3549,2218.25,5153.25,2935,NA,NA,NA,NA,"East Asia & Pacific","High income"
"EMRO","JOR","Jordan",78,77,4,NA,0,0,0,18,3,"Both","Normal","Normal",1,4,0.75,6.5,5.75,5,0.26,5,0.26,"Middle East & North Africa","Mild income"
"EURO","KAZ","Kazakhstan",99,99,5,NA,0,0,0,72,2,"aP","Low","Resurgence",3,43.5,32.75,72,39.25,3,-1.36,421,9.04,"Europe & Central Asia","Mild income"
"AFRO","KEN","Kenya",95,90,3,NA,0,0,0,3.2183908045977,1.37931034482759,"wP","Unavailable","Unavailable",NA,4.5,3.75,5.25,1.5,NA,NA,NA,NA,"Sub-Saharan Africa","Mild income"
"WPRO","KIR","Kiribati",96,91,4,NA,0,0,0,72,1.37931034482759,"wP","Low","Resurgence",3,0,0,0,0,0,-Inf,3,Inf,"East Asia & Pacific","Mild income"
"EURO","XKX","Kosovo (in accordance with UN Security Council resolution 1244 (1999))",NA,NA,4,NA,0,0,0,12,2,"wP","Unavailable","Unavailable",NA,NA,NA,NA,NA,0,NA,2,NA,"Europe & Central Asia","Mild income"
"EMRO","KWT","Kuwait",99,96,5,NA,0,0,0,43.2,2,"wP","Low","Low",0,32.5,28.5,39.5,11,14,-1.07,14,-1.07,"Middle East & North Africa","High income"
"EURO","KGZ","Kyrgyzstan",90,90,3,NA,0,0,0,24,2,"wP","Low","Resurgence",3,135,86.75,255.25,168.5,66,-0.76,1945,8.68,"Europe & Central Asia","Mild income"
"WPRO","LAO","Lao People's Democratic Republic",87,80,3,NA,0,0,0,3.2183908045977,1.37931034482759,"wP","Low","Normal",1,111,38,289,251,0,-1.02,66,-0.59,"East Asia & Pacific","Mild income"
"EURO","LVA","Latvia",99,95,6,NA,1,0,1,168,2,"aP","Low","Normal",1,180,84.5,240,155.5,46,-0.75,111,-0.43,"Europe & Central Asia","High income"
"EMRO","LBN","Lebanon",88,67,5,NA,0,0,0,60,2,"wP","Unavailable","High",2,55.5,27.5,74.5,47,NA,NA,101,1.46,"Middle East & North Africa","Mild income"
"AFRO","LSO","Lesotho",92,87,3,NA,0,0,0,3.2183908045977,1.37931034482759,"wP","Unavailable","Unavailable",NA,0,0,0,0,NA,NA,NA,NA,"Sub-Saharan Africa","Mild income"
"AFRO","LBR","Liberia",93,78,3,NA,0,0,0,3.2183908045977,1.37931034482759,"wP","Low","Unavailable",0,0,0,41,41,0,-0.53,NA,NA,"Sub-Saharan Africa","Low income"
"EMRO","LBY","Libya",74,73,6,NA,0,0,0,180,2,"aP","Normal","High",2,501,349,705.5,356.5,422,-0.32,771,0.66,"Middle East & North Africa","Mild income"
"EURO","LTU","Lithuania",93,90,6,NA,1,0,0,192,2,"aP","Low","Low",0,33,26.25,63.75,37.5,2,-1.12,7,-1.02,"Europe & Central Asia","High income"
"EURO","LUX","Luxembourg",99,99,6,"13-26w",1,0,0,192,2,"aP","Low","High",2,7,4,10,6,3,-0.67,18,0.95,"Europe & Central Asia","High income"
"AFRO","MDG","Madagascar",66,57,3,NA,0,0,0,3.2183908045977,1.37931034482759,"wP","High","Normal",2,180,19,321,302,377,1.21,123,-0.3,"Sub-Saharan Africa","Low income"
"AFRO","MWI","Malawi",89,86,3,NA,0,0,0,3.2183908045977,1.37931034482759,"wP","Unavailable","Unavailable",NA,0,0,0,0,NA,NA,NA,NA,"Sub-Saharan Africa","Low income"
"WPRO","MYS","Malaysia",99,97,4,NA,0,0,0,18,2,"aP","Low","High",2,325.5,228.5,794,565.5,101,-1.09,1203,2.22,"East Asia & Pacific","Mild income"
"SEARO","MDV","Maldives",99,99,4,NA,0,0,0,48,2,"wP","Low","Low",0,0,0,0,0,0,-0.32,0,-0.32,"South Asia","Mild income"
"AFRO","MLI","Mali",82,77,3,NA,0,0,0,3.2183908045977,1.37931034482759,"wP","Low","Low",0,0,0,0,0,0,-Inf,0,-Inf,"Sub-Saharan Africa","Low income"
"EURO","MLT","Malta",99,98,4,NA,0,0,0,18,2,"aP","Low","Normal",1,3.5,0.75,8.25,7.5,0,-0.94,3,-0.37,"Middle East & North Africa","High income"
"WPRO","MHL","Marshall Islands",96,86,6,NA,0,0,0,144,2,"aP","Low","Low",0,0,0,0,0,0,-Inf,0,-Inf,"East Asia & Pacific","Mild income"
"AFRO","MRT","Mauritania",84,76,3,NA,0,0,0,3.2183908045977,1.37931034482759,"wP","Low","Unavailable",0,0,0,0,0,0,-0.45,NA,NA,"Sub-Saharan Africa","Mild income"
"AFRO","MUS","Mauritius",96,95,6,NA,1,0,0,132,1.37931034482759,"Both","Low","Unavailable",0,0,0,0.75,0.75,0,-0.65,NA,NA,"Sub-Saharan Africa","Mild income"
"AMRO","MEX","Mexico",93,83,5,"27-36w",1,0,0,48,2,"Both","Low","Low",0,914.5,794,973.75,179.75,69,-2.64,188,-2.22,"Latin America & Caribbean","Mild income"
"WPRO","FSM","Micronesia (Federated States of)",92,69,5,NA,0,0,0,144,2,"aP","Resurgence","Unavailable",3,0,0,0,0,18,Inf,NA,NA,"East Asia & Pacific","Mild income"
"EURO","MCO","Monaco",99,99,5,NA,0,1,0,156,2,"aP","Unavailable","Unavailable",NA,1,0.5,1.5,1,NA,NA,NA,NA,"Europe & Central Asia","High income"
"WPRO","MNG","Mongolia",97,95,3,NA,0,0,0,4,2,"wP","Unavailable","Low",0,0,0,0,0,NA,NA,0,-Inf,"East Asia & Pacific","Mild income"
"EURO","MNE","Montenegro",93,80,5,NA,0,0,0,72,2.06896551724138,"aP","Low","Resurgence",3,6.5,1.75,10.75,9,0,-0.66,419,21.43,"Europe & Central Asia","Mild income"
"AMRO","MSR","Montserrat",NA,NA,4,NA,0,0,0,18,2,"wP","Low","Low",0,0,0,0,0,0,-Inf,0,-Inf,NA,"Low income"
"EMRO","MAR","Morocco",99,99,5,NA,0,0,0,60,2,"wP","Unavailable","Unavailable",NA,72,35,73,38,NA,NA,NA,NA,"Middle East & North Africa","Mild income"
"AFRO","MOZ","Mozambique",67,61,3,NA,0,0,0,4,2,"wP","Unavailable","Unavailable",NA,0,0,0,0,NA,NA,NA,NA,"Sub-Saharan Africa","Low income"
"SEARO","MMR","Myanmar",81,71,4,NA,0,0,0,18,2,"wP","Unavailable","Resurgence",3,5,2.5,11.75,9.25,NA,NA,50,3.7,"East Asia & Pacific","Mild income"
"AFRO","NAM","Namibia",90,84,3,NA,0,0,0,3.2183908045977,1.37931034482759,"wP","Resurgence","High",3,0,0,1.75,1.75,7,0.91,2,-0.08,"Sub-Saharan Africa","Mild income"
"WPRO","NRU","Nauru",99,98,5,NA,0,0,0,48,1.37931034482759,"Both","Unavailable","Unavailable",NA,0,0,0,0,NA,NA,NA,NA,"East Asia & Pacific","High income"
"SEARO","NPL","Nepal",95,90,3,NA,0,0,0,3.2183908045977,1.37931034482759,"wP","High","Normal",2,3792,1873,4771.5,2898.5,4828,0.41,4206,0.17,"South Asia","Mild income"
"EURO","NLD","Netherlands (Kingdom of the)",97,93,4,"22-40w",1,0,1,48,3,"aP","Low","Low",0,5394.5,3782.75,6686,2903.25,129,-1.81,2827,-0.98,"Europe & Central Asia","High income"
"WPRO","NCL","New Caledonia",NA,NA,5,NA,0,1,0,132,2,"aP","Low","Low",0,6,2,14,12,0,-0.76,0,-0.76,"East Asia & Pacific","High income"
"WPRO","NZL","New Zealand",94,89,5,"16-26w",1,1,1,156,1.37931034482759,"aP","Low","Unavailable",0,1599,1116.25,2749.75,1633.5,18,-1.37,NA,NA,"East Asia & Pacific","High income"
"AMRO","NIC","Nicaragua",94,92,5,NA,0,0,0,72,2,"wP","Low","Low",0,44.5,12,72.5,60.5,0,-1.25,0,-1.25,"Latin America & Caribbean","Mild income"
"AFRO","NER","Niger",96,84,3,NA,0,0,0,3.2183908045977,1.37931034482759,"wP","High","High",2,382.5,7.5,566.5,559,670,0.79,1190,2.18,"Sub-Saharan Africa","Low income"
"AFRO","NGA","Nigeria",70,62,3,NA,0,0,0,3.2183908045977,1.37931034482759,"wP","Unavailable","Unavailable",NA,7897,5418,9044.5,3626.5,NA,NA,NA,NA,"Sub-Saharan Africa","Mild income"
"WPRO","NIU","Niue",99,99,5,NA,1,0,0,132,1.37931034482759,"aP","Low","Low",0,0,0,0,0,0,-Inf,0,-Inf,NA,"Low income"
"EURO","MKD","North Macedonia",92,84,5,NA,0,0,0,84,2,"aP","Low","Normal",1,4,1,9,8,0,-0.73,4,-0.34,"Europe & Central Asia","Mild income"
"WPRO","MNP","Northern Mariana Islands",NA,NA,6,NA,0,0,0,216,1.37931034482759,"aP","Unavailable","Low",0,0,0,0,0,NA,NA,0,-Inf,"East Asia & Pacific","High income"
"EURO","NOR","Norway",98,97,5,"24-40w",1,0,1,180,3,"aP","Low","Low",0,2573.5,2437,3431.75,994.75,44,-3.81,1201,-2.25,"Europe & Central Asia","High income"
"EMRO","PSE","occupied Palestinian territory, including east Jerusalem",99,98,4,NA,0,0,0,18,2,"wP","Low","Normal",1,51,39.25,74,34.75,25,-0.84,65,0.06,"Middle East & North Africa","Mild income"
"EMRO","OMN","Oman",99,99,4,NA,1,0,1,18,2,"Both","Low","Normal",1,146.5,109.5,208.5,99,5,-1.81,142,-0.22,"Middle East & North Africa","High income"
"EMRO","PAK","Pakistan",93,85,3,NA,1,0,0,3.2183908045977,1.37931034482759,"wP","High","High",2,79.5,0,144.25,144.25,168,0.73,146,0.51,"South Asia","Mild income"
"WPRO","PLW","Palau",99,94,6,NA,0,0,0,120,2,"aP","Low","Low",0,0,0,0,0,0,-Inf,0,-Inf,"East Asia & Pacific","Mild income"
"AMRO","PAN","Panama",98,87,6,NA,1,1,1,120,2,"aP","Low","Low",0,21,11.5,40.5,29,1,-0.97,7,-0.78,"Latin America & Caribbean","High income"
"WPRO","PNG","Papua New Guinea",45,36,3,NA,0,0,0,3,1,"wP","Normal","Normal",1,231,0,4265.75,4265.75,8,-0.76,1840,-0.05,"East Asia & Pacific","Mild income"
"AMRO","PRY","Paraguay",82,69,6,NA,1,0,1,120,2,"Both","Low","Low",0,38,27.25,50.75,23.5,4,-1.27,6,-1.2,"Latin America & Caribbean","Mild income"
"AMRO","PER","Peru",93,82,5,NA,1,0,0,48,2,"wP","Low","Normal",1,325,125,579,454,4,-0.99,132,-0.72,"Latin America & Caribbean","Mild income"
"WPRO","PHL","Philippines",74,72,3,NA,1,0,0,3.2183908045977,1.37931034482759,"wP","Low","Resurgence",3,29,5,88,83,4,-0.64,221,1.37,"East Asia & Pacific","Mild income"
"EURO","POL","Poland",99,90,6,"27-36w",1,0,1,168,1.60919540229885,"Both","Low","Low",0,2624.5,1709.75,4278,2568.25,371,-1.35,922,-1.09,"Europe & Central Asia","High income"
"EURO","PRT","Portugal",99,99,5,"20-36w",1,0,0,60,2,"aP","Low","Low",0,93.5,63.25,196.75,133.5,8,-0.87,31,-0.73,"Europe & Central Asia","High income"
"EMRO","QAT","Qatar",99,98,6,NA,1,0,0,216,2,"aP","Resurgence","Resurgence",3,0,0,0,0,1,-0.06,38,10.03,"Middle East & North Africa","High income"
"WPRO","KOR","Republic of Korea",98,98,6,NA,0,0,0,144,2,"aP","Low","High",2,128,81.25,223.75,142.5,31,-0.72,292,0.19,"East Asia & Pacific","High income"
"EURO","MDA","Republic of Moldova",89,88,4,NA,0,0,0,24,2,"wP","Low","Resurgence",3,144.5,94.5,209.75,115.25,6,-1.5,421,2.52,"Europe & Central Asia","Mild income"
"EURO","ROU","Romania",89,85,5,NA,1,0,0,168,2,"aP","Low","Low",0,86.5,74.5,93,18.5,9,-3.11,16,-2.8,"Europe & Central Asia","High income"
"EURO","RUS","Russian Federation",97,97,3,NA,0,1,1,18,3,"Both","Low","Resurgence",3,5931.5,4748.5,7979,3230.5,3186,-1.22,52783,14.26,"Europe & Central Asia","Mild income"
"AFRO","RWA","Rwanda",99,98,3,NA,0,0,0,3.2183908045977,1.37931034482759,"wP","Low","Low",0,0,0,0,0,0,-0.35,0,-0.35,"Sub-Saharan Africa","Low income"
"AMRO","KNA","Saint Kitts and Nevis",96,96,4,NA,0,0,0,60,2,"wP","Low","Low",0,0,0,0,0,0,-Inf,0,-Inf,"Latin America & Caribbean","High income"
"AMRO","LCA","Saint Lucia",92,81,5,NA,0,0,0,60,2,"wP","Low","Low",0,0,0,0,0,0,-0.36,0,-0.36,"Latin America & Caribbean","Mild income"
"AMRO","VCT","Saint Vincent and the Grenadines",97,92,4,NA,0,0,0,18,2,"wP","Low","Unavailable",0,0,0,0,0,0,-Inf,NA,NA,"Latin America & Caribbean","Mild income"
"WPRO","WSM","Samoa",97,76,4,NA,0,0,0,15,1.37931034482759,"wP","Low","Low",0,0,0,22,22,0,-0.48,0,-0.48,"East Asia & Pacific","Mild income"
"EURO","SMR","San Marino",93,92,5,NA,0,1,0,180,3,"aP","Low","Resurgence",3,0,0,0,0,0,-0.38,1,-0.17,"Europe & Central Asia","High income"
"AFRO","STP","Sao Tome and Principe",97,97,3,NA,0,0,0,3.2183908045977,1.37931034482759,"wP","Unavailable","Unavailable",NA,0,0,0,0,NA,NA,NA,NA,"Sub-Saharan Africa","Mild income"
"EMRO","SAU","Saudi Arabia",98,98,5,NA,1,0,0,72,2,"aP","Normal","Resurgence",3,9,2.25,33.25,31,17,-0.37,100,0.41,"Middle East & North Africa","High income"
"AFRO","SEN","Senegal",90,88,3,NA,0,0,0,3.2183908045977,1.37931034482759,"wP","Low","Low",0,0,0,1,1,0,-0.51,0,-0.51,"Sub-Saharan Africa","Mild income"
"EURO","SRB","Serbia",97,92,5,NA,0,0,0,84,1.83908045977012,"aP","Low","Resurgence",3,89,39,281,242,5,-1.03,1421,9.72,"Europe & Central Asia","Mild income"
"AFRO","SYC","Seychelles",99,97,4,NA,0,0,0,18,3,"wP","Low","Low",0,0,0,1.5,1.5,0,-0.55,0,-0.55,"Sub-Saharan Africa","High income"
"AFRO","SLE","Sierra Leone",92,91,3,NA,0,0,0,3.2183908045977,1.37931034482759,"wP","Unavailable","Unavailable",NA,23,23,23,0,NA,NA,NA,NA,"Sub-Saharan Africa","Low income"
"WPRO","SGP","Singapore",99,97,5,"27-36w",1,0,0,132,2,"aP","Unavailable","Unavailable",NA,26.5,18.75,66.5,47.75,NA,NA,NA,NA,"East Asia & Pacific","High income"
"AMRO","SXM","Sint Maarten (Dutch part)",NA,NA,4,NA,0,0,0,12,2,"aP","Unavailable","Unavailable",NA,0,0,0,0,NA,NA,NA,NA,"Latin America & Caribbean","High income"
"EURO","SVK","Slovakia",97,97,5,NA,0,0,0,144,2,"aP","Low","Low",0,804.5,344.5,946.5,602,127,-1.47,223,-1.23,"Europe & Central Asia","High income"
"EURO","SVN","Slovenia",92,89,4,"24-40w",1,0,0,96,3,"aP","Low","Low",0,195.5,139,266.25,127.25,51,-1.18,126,-0.71,"Europe & Central Asia","High income"
"WPRO","SLB","Solomon Islands",99,89,3,NA,0,0,0,3.2183908045977,1.37931034482759,"wP","Resurgence","Unavailable",3,0,0,0,0,2,Inf,NA,NA,"East Asia & Pacific","Mild income"
"EMRO","SOM","Somalia",52,42,3,NA,0,0,0,3.2183908045977,1.37931034482759,"wP","Unavailable","Unavailable",NA,833,251.75,2521.25,2269.5,NA,NA,NA,NA,"Sub-Saharan Africa","Low income"
"AFRO","ZAF","South Africa",87,85,4,"26-34w",1,0,0,18,1.37931034482759,"aP","Resurgence","Normal",3,148.5,102.75,311.75,209,789,1.6,268,-0.06,"Sub-Saharan Africa","Mild income"
"AFRO","SSD","South Sudan",76,73,3,NA,0,0,0,3.2183908045977,1.37931034482759,"wP","Low","Resurgence",3,0,0,1.5,1.5,0,-0.58,52,29.44,"Sub-Saharan Africa","Low income"
"EURO","ESP","Spain",98,93,4,"27-40w",1,0,1,72,2,"aP","Low","Low",0,3263.5,2891.75,3907,1015.25,215,-2.31,2560,-0.51,"Europe & Central Asia","High income"
"SEARO","LKA","Sri Lanka",98,98,4,NA,0,0,0,18,2,"wP","Low","Low",0,30.5,6.75,59.25,52.5,0,-1.05,3,-0.97,"South Asia","Mild income"
"EMRO","SDN","Sudan",94,84,3,NA,0,0,0,3.2183908045977,1.37931034482759,"wP","Unavailable","Normal",1,119,71.5,136.5,65,NA,NA,113,0.07,"Sub-Saharan Africa","Low income"
"AMRO","SUR","Suriname",83,77,5,NA,0,0,1,60,2,"wP","Resurgence","Low",3,0.5,0,1.5,1.5,33,6.89,0,-0.5,"Latin America & Caribbean","Mild income"
"EURO","SWE","Sweden",96,94,5,"16-40w",1,0,0,192,3,"aP","Low","Low",0,641,271.75,730,458.25,13,-2.03,138,-1.54,"Europe & Central Asia","High income"
"EURO","CHE","Switzerland",97,96,5,"13-26w",1,0,0,180,2,"aP","Unavailable","Unavailable",NA,7623,5600,8962,3362,NA,NA,NA,NA,"Europe & Central Asia","High income"
"EMRO","SYR","Syrian Arab Republic",64,46,4,NA,0,0,0,18,1.83908045977012,"wP","Resurgence","High",3,35,20,90,70,343,2.9,121,0.52,"Middle East & North Africa","Low income"
"EURO","TJK","Tajikistan",98,97,4,NA,0,0,0,23,2,"wP","High","Resurgence",3,6,5,36,31,74,1.29,595,15.28,"Europe & Central Asia","Mild income"
"SEARO","THA","Thailand",99,97,4,NA,1,0,0,48,2,"wP","Low","Resurgence",3,37.5,14,73,59,10,-0.98,737,20.12,"East Asia & Pacific","Mild income"
"SEARO","TLS","Timor-Leste",87,86,4,NA,0,0,0,18,1.37931034482759,"wP","Low","Low",0,0.5,0,4.75,4.75,0,-0.8,0,-0.8,"East Asia & Pacific","Mild income"
"AFRO","TGO","Togo",88,82,3,NA,0,0,0,3.2183908045977,1.37931034482759,"wP","Unavailable","Resurgence",3,32,27,38,11,NA,NA,209,12.65,"Sub-Saharan Africa","Low income"
"WPRO","TKL","Tokelau",NA,NA,4,NA,0,0,0,60,1.37931034482759,"wP","Unavailable","Unavailable",NA,0,0,0,0,NA,NA,NA,NA,NA,"Low income"
"WPRO","TON","Tonga",99,99,5,NA,0,0,0,60,1.37931034482759,"wP","Unavailable","Low",0,0,0,0,0,NA,NA,0,-0.38,"East Asia & Pacific","Mild income"
"AMRO","TTO","Trinidad and Tobago",97,93,5,NA,0,0,0,60,2,"wP","Low","Low",0,0,0,0,0,0,-Inf,0,-Inf,"Latin America & Caribbean","High income"
"EMRO","TUN","Tunisia",99,97,4,NA,0,0,0,18,2,"wP","Normal","High",2,10.5,4,115.75,111.75,5,-0.75,148,1.48,"Middle East & North Africa","Mild income"
"EURO","TUR","Türkiye",99,99,5,NA,0,0,0,48,2,"aP","Low","Resurgence",3,64,36.75,176.5,139.75,8,-0.96,512,3.76,"Europe & Central Asia","Mild income"
"EURO","TKM","Turkmenistan",99,98,4,NA,0,0,0,18,2,"wP","Low","Low",0,0,0,0,0,0,-0.39,0,-0.39,"Europe & Central Asia","Mild income"
"AMRO","TCA","Turks and Caicos Islands",NA,NA,5,NA,0,0,0,36,2,"wP","Low","Low",0,0,0,0,0,0,-Inf,0,-Inf,"Latin America & Caribbean","High income"
"WPRO","TUV","Tuvalu",99,91,4,NA,0,0,0,72,1.37931034482759,"wP","Unavailable","Unavailable",NA,0,0,0,0,NA,NA,NA,NA,"East Asia & Pacific","Mild income"
"AFRO","UGA","Uganda",94,89,3,NA,0,0,0,3.2183908045977,1.37931034482759,"wP","Unavailable","Unavailable",NA,NA,NA,NA,NA,0,NA,NA,NA,"Sub-Saharan Africa","Low income"
"EURO","UKR","Ukraine",78,73,4,NA,0,0,0,18,2,"wP","Low","Low",0,2370,2268,2594.25,326.25,32,-3.78,707,-2.68,"Europe & Central Asia","Mild income"
"EMRO","ARE","United Arab Emirates",98,96,6,NA,0,1,1,192,2,"Both","Low","High",2,29,18,61,43,0,-1.38,91,1.77,"Middle East & North Africa","High income"
"EURO","GBR","United Kingdom of Great Britain and Northern Ireland",97,92,4,"16-32w",1,0,0,40,1.83908045977012,"aP","Low","Low",0,4855,3578.75,5869.25,2290.5,79,-1.52,942,-1.25,"Europe & Central Asia","High income"
"AFRO","TZA","United Republic of Tanzania",91,88,3,NA,0,0,0,3.2183908045977,1.37931034482759,"wP","Unavailable","Unavailable",NA,0,0,0,0,NA,NA,NA,NA,"Sub-Saharan Africa","Mild income"
"AMRO","USA","United States of America",98,94,6,"27-36w",1,1,0,144,2,"aP","Low","Low",0,20679,18719,28639,9920,2115,-2.26,3044,-2.17,"North America","High income"
"AMRO","URY","Uruguay",99,94,6,NA,1,0,1,132,2,"Both","Low","Low",0,308,98.5,541.25,442.75,6,-1.2,24,-1.13,"Latin America & Caribbean","High income"
"EURO","UZB","Uzbekistan",99,99,4,NA,0,0,0,16,2,"wP","Low","High",2,52,33.75,93.75,60,3,-1.31,171,2.89,"Europe & Central Asia","Mild income"
"WPRO","VUT","Vanuatu",83,68,3,NA,0,0,0,3.2183908045977,1.37931034482759,"wP","Normal","Normal",1,0,0,5.5,5.5,1,-0.41,1,-0.41,"East Asia & Pacific","Mild income"
"AMRO","VEN","Venezuela (Bolivarian Republic of)",73,56,5,NA,0,0,0,60,2,"wP","Low","Low",0,4.5,1.25,17.75,16.5,0,-0.53,0,-0.53,"Latin America & Caribbean","Low income"
"WPRO","VNM","Viet Nam",92,91,4,NA,0,0,0,18,2,"wP","Low","Low",0,186,92,493.5,401.5,20,-0.94,40,-0.88,"East Asia & Pacific","Mild income"
"WPRO","WLF","Wallis and Futuna",NA,NA,4,NA,0,0,0,72,2,"aP","Unavailable","Unavailable",NA,0,0,1.5,1.5,NA,NA,NA,NA,NA,"Low income"
"EMRO","YEM","Yemen",85,74,5,NA,0,0,0,84,1.37931034482759,"wP","Unavailable","Low",0,2531.5,2466.75,3075.25,608.5,NA,NA,2,-2.66,"Middle East & North Africa","Low income"
"AFRO","ZMB","Zambia",86,82,3,NA,0,0,0,3.2183908045977,1.37931034482759,"wP","Unavailable","Unavailable",NA,0,0,0,0,NA,NA,NA,NA,"Sub-Saharan Africa","Mild income"
"AFRO","ZWE","Zimbabwe",93,90,4,NA,0,0,0,18,1.37931034482759,"wP","Resurgence","Resurgence",3,0,0,0,0,15,15.49,15,15.49,"Sub-Saharan Africa","Mild income"
