Area,Date,Year,Week,Disease,1,2,Cases,URL
Total No.,2015-1-4,2015,1,Pertussis,Current week,,10,https://www.niid.go.jp/niid/en/survaillance-data-table-english.html?start=479
Total No.,2015-1-11,2015,2,Pertussis,Current week,,26,https://www.niid.go.jp/niid/en/survaillance-data-table-english.html?start=478
Total No.,2015-1-18,2015,3,Pertussis,Current week,,23,https://www.niid.go.jp/niid/en/survaillance-data-table-english.html?start=477
Total No.,2015-1-25,2015,4,Pertussis,Current week,,23,https://www.niid.go.jp/niid/en/survaillance-data-table-english.html?start=476
Total No.,2015-2-1,2015,5,Pertussis,Current week,,38,https://www.niid.go.jp/niid/en/survaillance-data-table-english.html?start=475
Total No.,2015-2-8,2015,6,Pertussis,Current week,,41,https://www.niid.go.jp/niid/en/survaillance-data-table-english.html?start=474
Total No.,2015-2-15,2015,7,Pertussis,Current week,,20,https://www.niid.go.jp/niid/en/survaillance-data-table-english.html?start=473
Total No.,2015-2-22,2015,8,Pertussis,Current week,,29,https://www.niid.go.jp/niid/en/survaillance-data-table-english.html?start=472
Total No.,2015-3-1,2015,9,Pertussis,Current week,,20,https://www.niid.go.jp/niid/en/survaillance-data-table-english.html?start=471
Total No.,2015-3-8,2015,10,Pertussis,Current week,,34,https://www.niid.go.jp/niid/en/survaillance-data-table-english.html?start=470
Total No.,2015-3-15,2015,11,Pertussis,Current week,,40,https://www.niid.go.jp/niid/en/survaillance-data-table-english.html?start=469
Total No.,2015-3-22,2015,12,Pertussis,Current week,,30,https://www.niid.go.jp/niid/en/survaillance-data-table-english.html?start=468
Total No.,2015-3-29,2015,13,Pertussis,Current week,,39,https://www.niid.go.jp/niid/en/survaillance-data-table-english.html?start=467
Total No.,2015-4-5,2015,14,Pertussis,Current week,,37,https://www.niid.go.jp/niid/en/survaillance-data-table-english.html?start=466
Total No.,2015-4-12,2015,15,Pertussis,Current week,,46,https://www.niid.go.jp/niid/en/survaillance-data-table-english.html?start=465
Total No.,2015-4-19,2015,16,Pertussis,Current week,,42,https://www.niid.go.jp/niid/en/survaillance-data-table-english.html?start=464
Total No.,2015-4-26,2015,17,Pertussis,Current week,,48,https://www.niid.go.jp/niid/en/survaillance-data-table-english.html?start=463
Total No.,2015-5-3,2015,18,Pertussis,Current week,,70,https://www.niid.go.jp/niid/en/survaillance-data-table-english.html?start=462
Total No.,2015-5-10,2015,19,Pertussis,Current week,,30,https://www.niid.go.jp/niid/en/survaillance-data-table-english.html?start=461
Total No.,2015-5-17,2015,20,Pertussis,Current week,,62,https://www.niid.go.jp/niid/en/survaillance-data-table-english.html?start=460
Total No.,2015-5-24,2015,21,Pertussis,Current week,,53,https://www.niid.go.jp/niid/en/survaillance-data-table-english.html?start=459
Total No.,2015-5-31,2015,22,Pertussis,Current week,,65,https://www.niid.go.jp/niid/en/survaillance-data-table-english.html?start=458
Total No.,2015-6-7,2015,23,Pertussis,Current week,,88,https://www.niid.go.jp/niid/en/survaillance-data-table-english.html?start=457
Total No.,2015-6-14,2015,24,Pertussis,Current week,,67,https://www.niid.go.jp/niid/en/survaillance-data-table-english.html?start=456
Total No.,2015-6-21,2015,25,Pertussis,Current week,,67,https://www.niid.go.jp/niid/en/survaillance-data-table-english.html?start=455
Total No.,2015-6-28,2015,26,Pertussis,Current week,,73,https://www.niid.go.jp/niid/en/survaillance-data-table-english.html?start=454
Total No.,2015-7-5,2015,27,Pertussis,Current week,,92,https://www.niid.go.jp/niid/en/survaillance-data-table-english.html?start=453
Total No.,2015-7-12,2015,28,Pertussis,Current week,,66,https://www.niid.go.jp/niid/en/survaillance-data-table-english.html?start=452
Total No.,2015-7-19,2015,29,Pertussis,Current week,,74,https://www.niid.go.jp/niid/en/survaillance-data-table-english.html?start=451
Total No.,2015-7-26,2015,30,Pertussis,Current week,,57,https://www.niid.go.jp/niid/en/survaillance-data-table-english.html?start=450
Total No.,2015-8-2,2015,31,Pertussis,Current week,,72,https://www.niid.go.jp/niid/en/survaillance-data-table-english.html?start=449
Total No.,2015-8-9,2015,32,Pertussis,Current week,,71,https://www.niid.go.jp/niid/en/survaillance-data-table-english.html?start=448
Total No.,2015-8-16,2015,33,Pertussis,Current week,,38,https://www.niid.go.jp/niid/en/survaillance-data-table-english.html?start=447
Total No.,2015-8-23,2015,34,Pertussis,Current week,,47,https://www.niid.go.jp/niid/en/survaillance-data-table-english.html?start=446
Total No.,2015-8-30,2015,35,Pertussis,Current week,,70,https://www.niid.go.jp/niid/en/survaillance-data-table-english.html?start=445
Total No.,2015-9-6,2015,36,Pertussis,Current week,,66,https://www.niid.go.jp/niid/en/survaillance-data-table-english.html?start=444
Total No.,2015-9-13,2015,37,Pertussis,Current week,,69,https://www.niid.go.jp/niid/en/survaillance-data-table-english.html?start=443
Total No.,2015-9-20,2015,38,Pertussis,Current week,,67,https://www.niid.go.jp/niid/en/survaillance-data-table-english.html?start=442
Total No.,2015-9-27,2015,39,Pertussis,Current week,,38,https://www.niid.go.jp/niid/en/survaillance-data-table-english.html?start=441
Total No.,2015-10-4,2015,40,Pertussis,Current week,,42,https://www.niid.go.jp/niid/en/survaillance-data-table-english.html?start=440
Total No.,2015-10-11,2015,41,Pertussis,Current week,,56,https://www.niid.go.jp/niid/en/survaillance-data-table-english.html?start=439
Total No.,2015-10-18,2015,42,Pertussis,Current week,,54,https://www.niid.go.jp/niid/en/survaillance-data-table-english.html?start=438
Total No.,2015-10-25,2015,43,Pertussis,Current week,,74,https://www.niid.go.jp/niid/en/survaillance-data-table-english.html?start=437
Total No.,2015-11-1,2015,44,Pertussis,Current week,,56,https://www.niid.go.jp/niid/en/survaillance-data-table-english.html?start=436
Total No.,2015-11-8,2015,45,Pertussis,Current week,,60,https://www.niid.go.jp/niid/en/survaillance-data-table-english.html?start=435
Total No.,2015-11-15,2015,46,Pertussis,Current week,,74,https://www.niid.go.jp/niid/en/survaillance-data-table-english.html?start=434
Total No.,2015-11-22,2015,47,Pertussis,Current week,,68,https://www.niid.go.jp/niid/en/survaillance-data-table-english.html?start=433
Total No.,2015-11-29,2015,48,Pertussis,Current week,,59,https://www.niid.go.jp/niid/en/survaillance-data-table-english.html?start=432
Total No.,2015-12-6,2015,49,Pertussis,Current week,,46,https://www.niid.go.jp/niid/en/survaillance-data-table-english.html?start=431
Total No.,2015-12-13,2015,50,Pertussis,Current week,,32,https://www.niid.go.jp/niid/en/survaillance-data-table-english.html?start=430
Total No.,2015-12-20,2015,51,Pertussis,Current week,,48,https://www.niid.go.jp/niid/en/survaillance-data-table-english.html?start=429
Total No.,2015-12-27,2015,52,Pertussis,Current week,,40,https://www.niid.go.jp/niid/en/survaillance-data-table-english.html?start=428
Total No.,2015-1-3,2015,53,Pertussis,Current week,,17,https://www.niid.go.jp/niid/en/survaillance-data-table-english.html?start=427
Total No.,2016-1-10,2016,1,Pertussis,Current week,,41,https://www.niid.go.jp/niid/en/survaillance-data-table-english.html?start=426
Total No.,2016-1-17,2016,2,Pertussis,Current week,,37,https://www.niid.go.jp/niid/en/survaillance-data-table-english.html?start=425
Total No.,2016-1-24,2016,3,Pertussis,Current week,,54,https://www.niid.go.jp/niid/en/survaillance-data-table-english.html?start=424
Total No.,2016-1-31,2016,4,Pertussis,Current week,,35,https://www.niid.go.jp/niid/en/survaillance-data-table-english.html?start=423
Total No.,2016-2-7,2016,5,Pertussis,Current week,,38,https://www.niid.go.jp/niid/en/survaillance-data-table-english.html?start=422
Total No.,2016-2-14,2016,6,Pertussis,Current week,,40,https://www.niid.go.jp/niid/en/survaillance-data-table-english.html?start=421
Total No.,2016-2-21,2016,7,Pertussis,Current week,,36,https://www.niid.go.jp/niid/en/survaillance-data-table-english.html?start=420
Total No.,2016-2-28,2016,8,Pertussis,Current week,,37,https://www.niid.go.jp/niid/en/survaillance-data-table-english.html?start=419
Total No.,2016-3-6,2016,9,Pertussis,Current week,,29,https://www.niid.go.jp/niid/en/survaillance-data-table-english.html?start=418
Total No.,2016-3-13,2016,10,Pertussis,Current week,,41,https://www.niid.go.jp/niid/en/survaillance-data-table-english.html?start=417
Total No.,2016-3-20,2016,11,Pertussis,Current week,,36,https://www.niid.go.jp/niid/en/survaillance-data-table-english.html?start=416
Total No.,2016-3-27,2016,12,Pertussis,Current week,,20,https://www.niid.go.jp/niid/en/survaillance-data-table-english.html?start=415
Total No.,2016-4-3,2016,13,Pertussis,Current week,,44,https://www.niid.go.jp/niid/en/survaillance-data-table-english.html?start=414
Total No.,2016-4-10,2016,14,Pertussis,Current week,,46,https://www.niid.go.jp/niid/en/survaillance-data-table-english.html?start=413
Total No.,2016-4-17,2016,15,Pertussis,Current week,,48,https://www.niid.go.jp/niid/en/survaillance-data-table-english.html?start=412
Total No.,2016-4-24,2016,16,Pertussis,Current week,,56,https://www.niid.go.jp/niid/en/survaillance-data-table-english.html?start=411
Total No.,2016-5-1,2016,17,Pertussis,Current week,,55,https://www.niid.go.jp/niid/en/survaillance-data-table-english.html?start=410
Total No.,2016-5-8,2016,18,Pertussis,Current week,,35,https://www.niid.go.jp/niid/en/survaillance-data-table-english.html?start=409
Total No.,2016-5-15,2016,19,Pertussis,Current week,,67,https://www.niid.go.jp/niid/en/survaillance-data-table-english.html?start=408
Total No.,2016-5-22,2016,20,Pertussis,Current week,,65,https://www.niid.go.jp/niid/en/survaillance-data-table-english.html?start=407
Total No.,2016-5-29,2016,21,Pertussis,Current week,,70,https://www.niid.go.jp/niid/en/survaillance-data-table-english.html?start=406
Total No.,2016-6-5,2016,22,Pertussis,Current week,,82,https://www.niid.go.jp/niid/en/survaillance-data-table-english.html?start=405
Total No.,2016-6-12,2016,23,Pertussis,Current week,,104,https://www.niid.go.jp/niid/en/survaillance-data-table-english.html?start=404
Total No.,2016-6-19,2016,24,Pertussis,Current week,,99,https://www.niid.go.jp/niid/en/survaillance-data-table-english.html?start=403
Total No.,2016-6-26,2016,25,Pertussis,Current week,,101,https://www.niid.go.jp/niid/en/survaillance-data-table-english.html?start=402
Total No.,2016-7-3,2016,26,Pertussis,Current week,,72,https://www.niid.go.jp/niid/en/survaillance-data-table-english.html?start=401
Total No.,2016-7-10,2016,27,Pertussis,Current week,,96,https://www.niid.go.jp/niid/en/survaillance-data-table-english.html?start=400
Total No.,2016-7-17,2016,28,Pertussis,Current week,,71,https://www.niid.go.jp/niid/en/survaillance-data-table-english.html?start=399
Total No.,2016-7-24,2016,29,Pertussis,Current week,,75,https://www.niid.go.jp/niid/en/survaillance-data-table-english.html?start=398
Total No.,2016-7-31,2016,30,Pertussis,Current week,,90,https://www.niid.go.jp/niid/en/survaillance-data-table-english.html?start=397
Total No.,2016-8-7,2016,31,Pertussis,Current week,,73,https://www.niid.go.jp/niid/en/survaillance-data-table-english.html?start=396
Total No.,2016-8-14,2016,32,Pertussis,Current week,,48,https://www.niid.go.jp/niid/en/survaillance-data-table-english.html?start=395
Total No.,2016-8-21,2016,33,Pertussis,Current week,,53,https://www.niid.go.jp/niid/en/survaillance-data-table-english.html?start=394
Total No.,2016-8-28,2016,34,Pertussis,Current week,,59,https://www.niid.go.jp/niid/en/survaillance-data-table-english.html?start=393
Total No.,2016-9-4,2016,35,Pertussis,Current week,,80,https://www.niid.go.jp/niid/en/survaillance-data-table-english.html?start=392
Total No.,2016-9-11,2016,36,Pertussis,Current week,,86,https://www.niid.go.jp/niid/en/survaillance-data-table-english.html?start=391
Total No.,2016-9-18,2016,37,Pertussis,Current week,,69,https://www.niid.go.jp/niid/en/survaillance-data-table-english.html?start=390
Total No.,2016-9-25,2016,38,Pertussis,Current week,,50,https://www.niid.go.jp/niid/en/survaillance-data-table-english.html?start=389
Total No.,2016-10-2,2016,39,Pertussis,Current week,,80,https://www.niid.go.jp/niid/en/survaillance-data-table-english.html?start=388
Total No.,2016-10-9,2016,40,Pertussis,Current week,,65,https://www.niid.go.jp/niid/en/survaillance-data-table-english.html?start=387
Total No.,2016-10-16,2016,41,Pertussis,Current week,,57,https://www.niid.go.jp/niid/en/survaillance-data-table-english.html?start=386
Total No.,2016-10-23,2016,42,Pertussis,Current week,,74,https://www.niid.go.jp/niid/en/survaillance-data-table-english.html?start=385
Total No.,2016-10-30,2016,43,Pertussis,Current week,,58,https://www.niid.go.jp/niid/en/survaillance-data-table-english.html?start=384
Total No.,2016-11-6,2016,44,Pertussis,Current week,,54,https://www.niid.go.jp/niid/en/survaillance-data-table-english.html?start=383
Total No.,2016-11-13,2016,45,Pertussis,Current week,,62,https://www.niid.go.jp/niid/en/survaillance-data-table-english.html?start=382
Total No.,2016-11-20,2016,46,Pertussis,Current week,,34,https://www.niid.go.jp/niid/en/survaillance-data-table-english.html?start=381
Total No.,2016-11-27,2016,47,Pertussis,Current week,,39,https://www.niid.go.jp/niid/en/survaillance-data-table-english.html?start=380
Total No.,2016-12-4,2016,48,Pertussis,Current week,,38,https://www.niid.go.jp/niid/en/survaillance-data-table-english.html?start=379
Total No.,2016-12-11,2016,49,Pertussis,Current week,,56,https://www.niid.go.jp/niid/en/survaillance-data-table-english.html?start=378
Total No.,2016-12-18,2016,50,Pertussis,Current week,,35,https://www.niid.go.jp/niid/en/survaillance-data-table-english.html?start=377
Total No.,2016-12-25,2016,51,Pertussis,Current week,,36,https://www.niid.go.jp/niid/en/survaillance-data-table-english.html?start=376
Total No.,2016-1-1,2016,52,Pertussis,Current week,,25,https://www.niid.go.jp/niid/en/survaillance-data-table-english.html?start=375
Total No.,2017-1-8,2017,1,Pertussis,Current week,,18,https://www.niid.go.jp/niid/en/survaillance-data-table-english.html?start=374
Total No.,2017-1-15,2017,2,Pertussis,Current week,,21,https://www.niid.go.jp/niid/en/survaillance-data-table-english.html?start=373
Total No.,2017-1-22,2017,3,Pertussis,Current week,,31,https://www.niid.go.jp/niid/en/survaillance-data-table-english.html?start=372
Total No.,2017-1-29,2017,4,Pertussis,Current week,,25,https://www.niid.go.jp/niid/en/survaillance-data-table-english.html?start=371
Total No.,2017-2-5,2017,5,Pertussis,Current week,,29,https://www.niid.go.jp/niid/en/survaillance-data-table-english.html?start=370
Total No.,2017-2-12,2017,6,Pertussis,Current week,,17,https://www.niid.go.jp/niid/en/survaillance-data-table-english.html?start=369
Total No.,2017-2-19,2017,7,Pertussis,Current week,,16,https://www.niid.go.jp/niid/en/survaillance-data-table-english.html?start=368
Total No.,2017-2-26,2017,8,Pertussis,Current week,,23,https://www.niid.go.jp/niid/en/survaillance-data-table-english.html?start=367
Total No.,2017-3-5,2017,9,Pertussis,Current week,,16,https://www.niid.go.jp/niid/en/survaillance-data-table-english.html?start=366
Total No.,2017-3-12,2017,10,Pertussis,Current week,,35,https://www.niid.go.jp/niid/en/survaillance-data-table-english.html?start=365
Total No.,2017-3-19,2017,11,Pertussis,Current week,,27,https://www.niid.go.jp/niid/en/survaillance-data-table-english.html?start=364
Total No.,2017-3-26,2017,12,Pertussis,Current week,,13,https://www.niid.go.jp/niid/en/survaillance-data-table-english.html?start=363
Total No.,2017-4-2,2017,13,Pertussis,Current week,,21,https://www.niid.go.jp/niid/en/survaillance-data-table-english.html?start=362
Total No.,2017-4-9,2017,14,Pertussis,Current week,,22,https://www.niid.go.jp/niid/en/survaillance-data-table-english.html?start=361
Total No.,2017-4-16,2017,15,Pertussis,Current week,,27,https://www.niid.go.jp/niid/en/survaillance-data-table-english.html?start=360
Total No.,2017-4-23,2017,16,Pertussis,Current week,,39,https://www.niid.go.jp/niid/en/survaillance-data-table-english.html?start=359
Total No.,2017-4-30,2017,17,Pertussis,Current week,,25,https://www.niid.go.jp/niid/en/survaillance-data-table-english.html?start=358
Total No.,2017-5-7,2017,18,Pertussis,Current week,,14,https://www.niid.go.jp/niid/en/survaillance-data-table-english.html?start=357
Total No.,2017-5-14,2017,19,Pertussis,Current week,,35,https://www.niid.go.jp/niid/en/survaillance-data-table-english.html?start=356
Total No.,2017-5-21,2017,20,Pertussis,Current week,,41,https://www.niid.go.jp/niid/en/survaillance-data-table-english.html?start=355
Total No.,2017-5-28,2017,21,Pertussis,Current week,,28,https://www.niid.go.jp/niid/en/survaillance-data-table-english.html?start=354
Total No.,2017-6-4,2017,22,Pertussis,Current week,,27,https://www.niid.go.jp/niid/en/survaillance-data-table-english.html?start=353
Total No.,2017-6-11,2017,23,Pertussis,Current week,,36,https://www.niid.go.jp/niid/en/survaillance-data-table-english.html?start=352
Total No.,2017-6-18,2017,24,Pertussis,Current week,,51,https://www.niid.go.jp/niid/en/survaillance-data-table-english.html?start=351
Total No.,2017-6-25,2017,25,Pertussis,Current week,,44,https://www.niid.go.jp/niid/en/survaillance-data-table-english.html?start=350
Total No.,2017-7-2,2017,26,Pertussis,Current week,,47,https://www.niid.go.jp/niid/en/survaillance-data-table-english.html?start=349
Total No.,2017-7-9,2017,27,Pertussis,Current week,,38,https://www.niid.go.jp/niid/en/survaillance-data-table-english.html?start=348
Total No.,2017-7-16,2017,28,Pertussis,Current week,,47,https://www.niid.go.jp/niid/en/survaillance-data-table-english.html?start=347
Total No.,2017-7-23,2017,29,Pertussis,Current week,,35,https://www.niid.go.jp/niid/en/survaillance-data-table-english.html?start=346
Total No.,2017-7-30,2017,30,Pertussis,Current week,,46,https://www.niid.go.jp/niid/en/survaillance-data-table-english.html?start=345
Total No.,2017-8-6,2017,31,Pertussis,Current week,,45,https://www.niid.go.jp/niid/en/survaillance-data-table-english.html?start=344
Total No.,2017-8-13,2017,32,Pertussis,Current week,,40,https://www.niid.go.jp/niid/en/survaillance-data-table-english.html?start=343
Total No.,2017-8-20,2017,33,Pertussis,Current week,,33,https://www.niid.go.jp/niid/en/survaillance-data-table-english.html?start=342
Total No.,2017-8-27,2017,34,Pertussis,Current week,,35,https://www.niid.go.jp/niid/en/survaillance-data-table-english.html?start=341
Total No.,2017-9-3,2017,35,Pertussis,Current week,,25,https://www.niid.go.jp/niid/en/survaillance-data-table-english.html?start=340
Total No.,2017-9-10,2017,36,Pertussis,Current week,,32,https://www.niid.go.jp/niid/en/survaillance-data-table-english.html?start=339
Total No.,2017-9-17,2017,37,Pertussis,Current week,,30,https://www.niid.go.jp/niid/en/survaillance-data-table-english.html?start=338
Total No.,2017-9-24,2017,38,Pertussis,Current week,,22,https://www.niid.go.jp/niid/en/survaillance-data-table-english.html?start=337
Total No.,2017-10-1,2017,39,Pertussis,Current week,,33,https://www.niid.go.jp/niid/en/survaillance-data-table-english.html?start=336
Total No.,2017-10-8,2017,40,Pertussis,Current week,,32,https://www.niid.go.jp/niid/en/survaillance-data-table-english.html?start=335
Total No.,2017-10-15,2017,41,Pertussis,Current week,,25,https://www.niid.go.jp/niid/en/survaillance-data-table-english.html?start=334
Total No.,2017-10-22,2017,42,Pertussis,Current week,,38,https://www.niid.go.jp/niid/en/survaillance-data-table-english.html?start=333
Total No.,2017-10-29,2017,43,Pertussis,Current week,,49,https://www.niid.go.jp/niid/en/survaillance-data-table-english.html?start=332
Total No.,2017-11-5,2017,44,Pertussis,Current week,,50,https://www.niid.go.jp/niid/en/survaillance-data-table-english.html?start=331
Total No.,2017-11-12,2017,45,Pertussis,Current week,,42,https://www.niid.go.jp/niid/en/survaillance-data-table-english.html?start=330
Total No.,2017-11-19,2017,46,Pertussis,Current week,,35,https://www.niid.go.jp/niid/en/survaillance-data-table-english.html?start=329
Total No.,2017-11-26,2017,47,Pertussis,Current week,,33,https://www.niid.go.jp/niid/en/survaillance-data-table-english.html?start=328
Total No.,2017-12-3,2017,48,Pertussis,Current week,,35,https://www.niid.go.jp/niid/en/survaillance-data-table-english.html?start=327
Total No.,2017-12-10,2017,49,Pertussis,Current week,,35,https://www.niid.go.jp/niid/en/survaillance-data-table-english.html?start=326
Total No.,2017-12-17,2017,50,Pertussis,Current week,,32,https://www.niid.go.jp/niid/en/survaillance-data-table-english.html?start=325
Total No.,2017-12-24,2017,51,Pertussis,Current week,,30,https://www.niid.go.jp/niid/en/survaillance-data-table-english.html?start=324
Total No.,2017-12-31,2017,52,Pertussis,Current week,,29,https://www.niid.go.jp/niid/en/survaillance-data-table-english.html?start=323
Total No.,2018-1-7,2018,1,Pertussis,Current week,,8,https://www.niid.go.jp/niid/en/survaillance-data-table-english.html?start=322
Total No.,2018-1-14,2018,2,Pertussis,Current week,,27,https://www.niid.go.jp/niid/en/survaillance-data-table-english.html?start=321
Total No.,2018-1-21,2018,3,Pertussis,Current week,,38,https://www.niid.go.jp/niid/en/survaillance-data-table-english.html?start=320
Total No.,2018-1-28,2018,4,Pertussis,Current week,,40,https://www.niid.go.jp/niid/en/survaillance-data-table-english.html?start=319
Total No.,2018-2-4,2018,5,Pertussis,Current week,,36,https://www.niid.go.jp/niid/en/survaillance-data-table-english.html?start=318
Total No.,2018-2-11,2018,6,Pertussis,Current week,,48,https://www.niid.go.jp/niid/en/survaillance-data-table-english.html?start=317
Total No.,2018-2-18,2018,7,Pertussis,Current week,,27,https://www.niid.go.jp/niid/en/survaillance-data-table-english.html?start=316
Total No.,2018-2-25,2018,8,Pertussis,Current week,,51,https://www.niid.go.jp/niid/en/survaillance-data-table-english.html?start=315
Total No.,2018-3-4,2018,9,Pertussis,Current week,,40,https://www.niid.go.jp/niid/en/survaillance-data-table-english.html?start=314
Total No.,2018-3-11,2018,10,Pertussis,Current week,,49,https://www.niid.go.jp/niid/en/survaillance-data-table-english.html?start=313
Total No.,2018-3-18,2018,11,Pertussis,Current week,,54,https://www.niid.go.jp/niid/en/survaillance-data-table-english.html?start=312
Total No.,2018-3-25,2018,12,Pertussis,Current week,,40,https://www.niid.go.jp/niid/en/survaillance-data-table-english.html?start=311
Total No.,2018-4-1,2018,13,Pertussis,Current week,,46,https://www.niid.go.jp/niid/en/survaillance-data-table-english.html?start=310
Total No.,2018-4-8,2018,14,Pertussis,Current week,,62,https://www.niid.go.jp/niid/en/survaillance-data-table-english.html?start=309
Total No.,2018-4-15,2018,15,Pertussis,Current week,,40,https://www.niid.go.jp/niid/en/survaillance-data-table-english.html?start=308
Total No.,2018-4-22,2018,16,Pertussis,Current week,,72,https://www.niid.go.jp/niid/en/survaillance-data-table-english.html?start=307
Total No.,2018-4-29,2018,17,Pertussis,Current week,,78,https://www.niid.go.jp/niid/en/survaillance-data-table-english.html?start=306
Total No.,2018-5-6,2018,18,Pertussis,Current week,,52,https://www.niid.go.jp/niid/en/survaillance-data-table-english.html?start=305
Total No.,2018-5-13,2018,19,Pertussis,Current week,,93,https://www.niid.go.jp/niid/en/survaillance-data-table-english.html?start=304
Total No.,2018-5-20,2018,20,Pertussis,Current week,,134,https://www.niid.go.jp/niid/en/survaillance-data-table-english.html?start=303
Total No.,2018-5-27,2018,21,Pertussis,Current week,,131,https://www.niid.go.jp/niid/en/survaillance-data-table-english.html?start=302
Total No.,2018-6-3,2018,22,Pertussis,Current week,,132,https://www.niid.go.jp/niid/en/survaillance-data-table-english.html?start=301
Total No.,2018-6-10,2018,23,Pertussis,Current week,,139,https://www.niid.go.jp/niid/en/survaillance-data-table-english.html?start=300
Total No.,2018-6-17,2018,24,Pertussis,Current week,,143,https://www.niid.go.jp/niid/en/survaillance-data-table-english.html?start=299
Total No.,2018-6-24,2018,25,Pertussis,Current week,,152,https://www.niid.go.jp/niid/en/survaillance-data-table-english.html?start=298
Total No.,2018-7-1,2018,26,Pertussis,Current week,,188,https://www.niid.go.jp/niid/en/survaillance-data-table-english.html?start=297
Total No.,2018-7-8,2018,27,Pertussis,Current week,,136,https://www.niid.go.jp/niid/en/survaillance-data-table-english.html?start=296
Total No.,2018-7-15,2018,28,Pertussis,Current week,,141,https://www.niid.go.jp/niid/en/survaillance-data-table-english.html?start=295
Total No.,2018-7-22,2018,29,Pertussis,Current week,,135,https://www.niid.go.jp/niid/en/survaillance-data-table-english.html?start=294
Total No.,2018-7-29,2018,30,Pertussis,Current week,,216,https://www.niid.go.jp/niid/en/survaillance-data-table-english.html?start=293
Total No.,2018-8-5,2018,31,Pertussis,Current week,,201,https://www.niid.go.jp/niid/en/survaillance-data-table-english.html?start=292
Total No.,2018-8-12,2018,32,Pertussis,Current week,,241,https://www.niid.go.jp/niid/en/survaillance-data-table-english.html?start=291
Total No.,2018-8-19,2018,33,Pertussis,Current week,,154,https://www.niid.go.jp/niid/en/survaillance-data-table-english.html?start=290
Total No.,2018-8-26,2018,34,Pertussis,Current week,,260,https://www.niid.go.jp/niid/en/survaillance-data-table-english.html?start=289
Total No.,2018-9-2,2018,35,Pertussis,Current week,,243,https://www.niid.go.jp/niid/en/survaillance-data-table-english.html?start=288
Total No.,2018-9-9,2018,36,Pertussis,Current week,,227,https://www.niid.go.jp/niid/en/survaillance-data-table-english.html?start=287
Total No.,2018-9-16,2018,37,Pertussis,Current week,,242,https://www.niid.go.jp/niid/en/survaillance-data-table-english.html?start=286
Total No.,2018-9-23,2018,38,Pertussis,Current week,,175,https://www.niid.go.jp/niid/en/survaillance-data-table-english.html?start=285
Total No.,2018-9-30,2018,39,Pertussis,Current week,,214,https://www.niid.go.jp/niid/en/survaillance-data-table-english.html?start=284
Total No.,2018-10-7,2018,40,Pertussis,Current week,,215,https://www.niid.go.jp/niid/en/survaillance-data-table-english.html?start=283
Total No.,2018-10-14,2018,41,Pertussis,Current week,,172,https://www.niid.go.jp/niid/en/survaillance-data-table-english.html?start=282
Total No.,2018-10-21,2018,42,Pertussis,Current week,,252,https://www.niid.go.jp/niid/en/survaillance-data-table-english.html?start=281
Total No.,2018-10-28,2018,43,Pertussis,Current week,,262,https://www.niid.go.jp/niid/en/survaillance-data-table-english.html?start=280
Total No.,2018-11-4,2018,44,Pertussis,Current week,,316,https://www.niid.go.jp/niid/en/survaillance-data-table-english.html?start=279
Total No.,2018-11-11,2018,45,Pertussis,Current week,,259,https://www.niid.go.jp/niid/en/survaillance-data-table-english.html?start=278
Total No.,2018-11-18,2018,46,Pertussis,Current week,,290,https://www.niid.go.jp/niid/en/survaillance-data-table-english.html?start=277
Total No.,2018-11-25,2018,47,Pertussis,Current week,,277,https://www.niid.go.jp/niid/en/survaillance-data-table-english.html?start=276
Total No.,2018-12-2,2018,48,Pertussis,Current week,,285,https://www.niid.go.jp/niid/en/survaillance-data-table-english.html?start=275
Total No.,2018-12-9,2018,49,Pertussis,Current week,,320,https://www.niid.go.jp/niid/en/survaillance-data-table-english.html?start=274
Total No.,2018-12-16,2018,50,Pertussis,Current week,,287,https://www.niid.go.jp/niid/en/survaillance-data-table-english.html?start=273
Total No.,2018-12-23,2018,51,Pertussis,Current week,,250,https://www.niid.go.jp/niid/en/survaillance-data-table-english.html?start=272
Total No.,2018-12-30,2018,52,Pertussis,Current week,,234,https://www.niid.go.jp/niid/en/survaillance-data-table-english.html?start=271
Total No.,2019-1-6,2019,1,Pertussis,Current week,,61,https://www.niid.go.jp/niid/en/survaillance-data-table-english.html?start=270
Total No.,2019-1-13,2019,2,Pertussis,Current week,,239,https://www.niid.go.jp/niid/en/survaillance-data-table-english.html?start=269
Total No.,2019-1-20,2019,3,Pertussis,Current week,,222,https://www.niid.go.jp/niid/en/survaillance-data-table-english.html?start=268
Total No.,2019-1-27,2019,4,Pertussis,Current week,,237,https://www.niid.go.jp/niid/en/survaillance-data-table-english.html?start=267
Total No.,2019-2-3,2019,5,Pertussis,Current week,,236,https://www.niid.go.jp/niid/en/survaillance-data-table-english.html?start=266
Total No.,2019-2-10,2019,6,Pertussis,Current week,,249,https://www.niid.go.jp/niid/en/survaillance-data-table-english.html?start=265
Total No.,2019-2-17,2019,7,Pertussis,Current week,,194,https://www.niid.go.jp/niid/en/survaillance-data-table-english.html?start=264
Total No.,2019-2-24,2019,8,Pertussis,Current week,,242,https://www.niid.go.jp/niid/en/survaillance-data-table-english.html?start=263
Total No.,2019-3-3,2019,9,Pertussis,Current week,,237,https://www.niid.go.jp/niid/en/survaillance-data-table-english.html?start=262
Total No.,2019-3-10,2019,10,Pertussis,Current week,,259,https://www.niid.go.jp/niid/en/survaillance-data-table-english.html?start=261
Total No.,2019-3-17,2019,11,Pertussis,Current week,,267,https://www.niid.go.jp/niid/en/survaillance-data-table-english.html?start=260
Total No.,2019-3-24,2019,12,Pertussis,Current week,,189,https://www.niid.go.jp/niid/en/survaillance-data-table-english.html?start=259
Total No.,2019-3-31,2019,13,Pertussis,Current week,,242,https://www.niid.go.jp/niid/en/survaillance-data-table-english.html?start=258
Total No.,2019-4-7,2019,14,Pertussis,Current week,,226,https://www.niid.go.jp/niid/en/survaillance-data-table-english.html?start=257
Total No.,2019-4-14,2019,15,Pertussis,Current week,,191,https://www.niid.go.jp/niid/en/survaillance-data-table-english.html?start=256
Total No.,2019-4-21,2019,16,Pertussis,Current week,,198,https://www.niid.go.jp/niid/en/survaillance-data-table-english.html?start=255
Total No.,2019-4-28,2019,17,Pertussis,Current week,,212,https://www.niid.go.jp/niid/en/survaillance-data-table-english.html?start=254
Total No.,2019-5-5,2019,18,Pertussis,Current week,,49,https://www.niid.go.jp/niid/en/survaillance-data-table-english.html?start=253
Total No.,2019-5-12,2019,19,Pertussis,Current week,,164,https://www.niid.go.jp/niid/en/survaillance-data-table-english.html?start=252
Total No.,2019-5-19,2019,20,Pertussis,Current week,,242,https://www.niid.go.jp/niid/en/survaillance-data-table-english.html?start=251
Total No.,2019-5-26,2019,21,Pertussis,Current week,,233,https://www.niid.go.jp/niid/en/survaillance-data-table-english.html?start=250
Total No.,2019-6-2,2019,22,Pertussis,Current week,,223,https://www.niid.go.jp/niid/en/survaillance-data-table-english.html?start=249
Total No.,2019-6-9,2019,23,Pertussis,Current week,,223,https://www.niid.go.jp/niid/en/survaillance-data-table-english.html?start=248
Total No.,2019-6-16,2019,24,Pertussis,Current week,,253,https://www.niid.go.jp/niid/en/survaillance-data-table-english.html?start=247
Total No.,2019-6-23,2019,25,Pertussis,Current week,,282,https://www.niid.go.jp/niid/en/survaillance-data-table-english.html?start=246
Total No.,2019-6-30,2019,26,Pertussis,Current week,,325,https://www.niid.go.jp/niid/en/survaillance-data-table-english.html?start=245
Total No.,2019-7-7,2019,27,Pertussis,Current week,,320,https://www.niid.go.jp/niid/en/survaillance-data-table-english.html?start=244
Total No.,2019-7-14,2019,28,Pertussis,Current week,,295,https://www.niid.go.jp/niid/en/survaillance-data-table-english.html?start=243
Total No.,2019-7-21,2019,29,Pertussis,Current week,,272,https://www.niid.go.jp/niid/en/survaillance-data-table-english.html?start=242
Total No.,2019-7-28,2019,30,Pertussis,Current week,,271,https://www.niid.go.jp/niid/en/survaillance-data-table-english.html?start=241
Total No.,2019-8-4,2019,31,Pertussis,Current week,,231,https://www.niid.go.jp/niid/en/survaillance-data-table-english.html?start=240
Total No.,2019-8-11,2019,32,Pertussis,Current week,,252,https://www.niid.go.jp/niid/en/survaillance-data-table-english.html?start=239
Total No.,2019-8-18,2019,33,Pertussis,Current week,,149,https://www.niid.go.jp/niid/en/survaillance-data-table-english.html?start=238
Total No.,2019-8-25,2019,34,Pertussis,Current week,,284,https://www.niid.go.jp/niid/en/survaillance-data-table-english.html?start=237
Total No.,2019-9-1,2019,35,Pertussis,Current week,,353,https://www.niid.go.jp/niid/en/survaillance-data-table-english.html?start=236
Total No.,2019-9-8,2019,36,Pertussis,Current week,,261,https://www.niid.go.jp/niid/en/survaillance-data-table-english.html?start=235
Total No.,2019-9-15,2019,37,Pertussis,Current week,,264,https://www.niid.go.jp/niid/en/survaillance-data-table-english.html?start=234
Total No.,2019-9-22,2019,38,Pertussis,Current week,,218,https://www.niid.go.jp/niid/en/survaillance-data-table-english.html?start=233
Total No.,2019-9-29,2019,39,Pertussis,Current week,,211,https://www.niid.go.jp/niid/en/survaillance-data-table-english.html?start=232
Total No.,2019-10-6,2019,40,Pertussis,Current week,,289,https://www.niid.go.jp/niid/en/survaillance-data-table-english.html?start=231
Total No.,2019-10-13,2019,41,Pertussis,Current week,,246,https://www.niid.go.jp/niid/en/survaillance-data-table-english.html?start=230
Total No.,2019-10-20,2019,42,Pertussis,Current week,,204,https://www.niid.go.jp/niid/en/survaillance-data-table-english.html?start=229
Total No.,2019-10-27,2019,43,Pertussis,Current week,,245,https://www.niid.go.jp/niid/en/survaillance-data-table-english.html?start=228
Total No.,2019-11-3,2019,44,Pertussis,Current week,,235,https://www.niid.go.jp/niid/en/survaillance-data-table-english.html?start=227
Total No.,2019-11-10,2019,45,Pertussis,Current week,,167,https://www.niid.go.jp/niid/en/survaillance-data-table-english.html?start=226
Total No.,2019-11-17,2019,46,Pertussis,Current week,,230,https://www.niid.go.jp/niid/en/survaillance-data-table-english.html?start=225
Total No.,2019-11-24,2019,47,Pertussis,Current week,,213,https://www.niid.go.jp/niid/en/survaillance-data-table-english.html?start=224
Total No.,2019-12-1,2019,48,Pertussis,Current week,,223,https://www.niid.go.jp/niid/en/survaillance-data-table-english.html?start=223
Total No.,2019-12-8,2019,49,Pertussis,Current week,,199,https://www.niid.go.jp/niid/en/survaillance-data-table-english.html?start=222
Total No.,2019-12-15,2019,50,Pertussis,Current week,,167,https://www.niid.go.jp/niid/en/survaillance-data-table-english.html?start=221
Total No.,2019-12-22,2019,51,Pertussis,Current week,,160,https://www.niid.go.jp/niid/en/survaillance-data-table-english.html?start=220
Total No.,2019-12-29,2019,52,Pertussis,Current week,,179,https://www.niid.go.jp/niid/en/survaillance-data-table-english.html?start=219
Total No.,2020-1-5,2020,1,Pertussis,Current week,,14,https://www.niid.go.jp/niid/en/survaillance-data-table-english.html?start=218
Total No.,2020-1-12,2020,2,Pertussis,Current week,,139,https://www.niid.go.jp/niid/en/survaillance-data-table-english.html?start=217
Total No.,2020-1-19,2020,3,Pertussis,Current week,,125,https://www.niid.go.jp/niid/en/survaillance-data-table-english.html?start=216
Total No.,2020-1-26,2020,4,Pertussis,Current week,,145,https://www.niid.go.jp/niid/en/survaillance-data-table-english.html?start=215
Total No.,2020-2-2,2020,5,Pertussis,Current week,,126,https://www.niid.go.jp/niid/en/survaillance-data-table-english.html?start=214
Total No.,2020-2-9,2020,6,Pertussis,Current week,,145,https://www.niid.go.jp/niid/en/survaillance-data-table-english.html?start=213
Total No.,2020-2-16,2020,7,Pertussis,Current week,,97,https://www.niid.go.jp/niid/en/survaillance-data-table-english.html?start=212
Total No.,2020-2-23,2020,8,Pertussis,Current week,,108,https://www.niid.go.jp/niid/en/survaillance-data-table-english.html?start=211
Total No.,2020-3-1,2020,9,Pertussis,Current week,,103,https://www.niid.go.jp/niid/en/survaillance-data-table-english.html?start=210
Total No.,2020-3-8,2020,10,Pertussis,Current week,,134,https://www.niid.go.jp/niid/en/survaillance-data-table-english.html?start=209
Total No.,2020-3-15,2020,11,Pertussis,Current week,,111,https://www.niid.go.jp/niid/en/survaillance-data-table-english.html?start=208
Total No.,2020-3-22,2020,12,Pertussis,Current week,,75,https://www.niid.go.jp/niid/en/survaillance-data-table-english.html?start=207
Total No.,2020-3-29,2020,13,Pertussis,Current week,,92,https://www.niid.go.jp/niid/en/survaillance-data-table-english.html?start=206
Total No.,2020-4-5,2020,14,Pertussis,Current week,,91,https://www.niid.go.jp/niid/en/survaillance-data-table-english.html?start=205
Total No.,2020-4-12,2020,15,Pertussis,Current week,,33,https://www.niid.go.jp/niid/en/survaillance-data-table-english.html?start=204
Total No.,2020-4-19,2020,16,Pertussis,Current week,,38,https://www.niid.go.jp/niid/en/survaillance-data-table-english.html?start=203
Total No.,2020-4-26,2020,17,Pertussis,Current week,,29,https://www.niid.go.jp/niid/en/survaillance-data-table-english.html?start=202
Total No.,2020-5-3,2020,18,Pertussis,Current week,,30,https://www.niid.go.jp/niid/en/survaillance-data-table-english.html?start=201
Total No.,2020-5-10,2020,19,Pertussis,Current week,,11,https://www.niid.go.jp/niid/en/survaillance-data-table-english.html?start=200
Total No.,2020-5-17,2020,20,Pertussis,Current week,,23,https://www.niid.go.jp/niid/en/survaillance-data-table-english.html?start=199
Total No.,2020-5-24,2020,21,Pertussis,Current week,,25,https://www.niid.go.jp/niid/en/survaillance-data-table-english.html?start=198
Total No.,2020-5-31,2020,22,Pertussis,Current week,,6,https://www.niid.go.jp/niid/en/survaillance-data-table-english.html?start=197
Total No.,2020-6-7,2020,23,Pertussis,Current week,,17,https://www.niid.go.jp/niid/en/survaillance-data-table-english.html?start=196
Total No.,2020-6-14,2020,24,Pertussis,Current week,,15,https://www.niid.go.jp/niid/en/survaillance-data-table-english.html?start=195
Total No.,2020-6-21,2020,25,Pertussis,Current week,,15,https://www.niid.go.jp/niid/en/survaillance-data-table-english.html?start=194
Total No.,2020-6-28,2020,26,Pertussis,Current week,,15,https://www.niid.go.jp/niid/en/survaillance-data-table-english.html?start=193
Total No.,2020-7-5,2020,27,Pertussis,Current week,,9,https://www.niid.go.jp/niid/en/survaillance-data-table-english.html?start=192
Total No.,2020-7-12,2020,28,Pertussis,Current week,,5,https://www.niid.go.jp/niid/en/survaillance-data-table-english.html?start=191
Total No.,2020-7-19,2020,29,Pertussis,Current week,,14,https://www.niid.go.jp/niid/en/survaillance-data-table-english.html?start=190
Total No.,2020-7-26,2020,30,Pertussis,Current week,,8,https://www.niid.go.jp/niid/en/survaillance-data-table-english.html?start=189
Total No.,2020-8-2,2020,31,Pertussis,Current week,,11,https://www.niid.go.jp/niid/en/survaillance-data-table-english.html?start=188
Total No.,2020-8-9,2020,32,Pertussis,Current week,,9,https://www.niid.go.jp/niid/en/survaillance-data-table-english.html?start=187
Total No.,2020-8-16,2020,33,Pertussis,Current week,,4,https://www.niid.go.jp/niid/en/survaillance-data-table-english.html?start=186
Total No.,2020-8-23,2020,34,Pertussis,Current week,,10,https://www.niid.go.jp/niid/en/survaillance-data-table-english.html?start=185
Total No.,2020-8-30,2020,35,Pertussis,Current week,,17,https://www.niid.go.jp/niid/en/survaillance-data-table-english.html?start=184
Total No.,2020-9-6,2020,36,Pertussis,Current week,,12,https://www.niid.go.jp/niid/en/survaillance-data-table-english.html?start=183
Total No.,2020-9-13,2020,37,Pertussis,Current week,,12,https://www.niid.go.jp/niid/en/survaillance-data-table-english.html?start=182
Total No.,2020-9-20,2020,38,Pertussis,Current week,,12,https://www.niid.go.jp/niid/en/survaillance-data-table-english.html?start=181
Total No.,2020-9-27,2020,39,Pertussis,Current week,,6,https://www.niid.go.jp/niid/en/survaillance-data-table-english.html?start=180
Total No.,2020-10-4,2020,40,Pertussis,Current week,,18,https://www.niid.go.jp/niid/en/survaillance-data-table-english.html?start=179
Total No.,2020-10-11,2020,41,Pertussis,Current week,,11,https://www.niid.go.jp/niid/en/survaillance-data-table-english.html?start=178
Total No.,2020-10-18,2020,42,Pertussis,Current week,,8,https://www.niid.go.jp/niid/en/survaillance-data-table-english.html?start=177
Total No.,2020-10-25,2020,43,Pertussis,Current week,,4,https://www.niid.go.jp/niid/en/survaillance-data-table-english.html?start=176
Total No.,2020-11-1,2020,44,Pertussis,Current week,,13,https://www.niid.go.jp/niid/en/survaillance-data-table-english.html?start=175
Total No.,2020-11-8,2020,45,Pertussis,Current week,,8,https://www.niid.go.jp/niid/en/survaillance-data-table-english.html?start=174
Total No.,2020-11-15,2020,46,Pertussis,Current week,,14,https://www.niid.go.jp/niid/en/survaillance-data-table-english.html?start=173
Total No.,2020-11-22,2020,47,Pertussis,Current week,,6,https://www.niid.go.jp/niid/en/survaillance-data-table-english.html?start=172
Total No.,2020-11-29,2020,48,Pertussis,Current week,,10,https://www.niid.go.jp/niid/en/survaillance-data-table-english.html?start=171
Total No.,2020-12-6,2020,49,Pertussis,Current week,,16,https://www.niid.go.jp/niid/en/survaillance-data-table-english.html?start=170
Total No.,2020-12-13,2020,50,Pertussis,Current week,,12,https://www.niid.go.jp/niid/en/survaillance-data-table-english.html?start=169
Total No.,2020-12-20,2020,51,Pertussis,Current week,,12,https://www.niid.go.jp/niid/en/survaillance-data-table-english.html?start=168
Total No.,2020-12-27,2020,52,Pertussis,Current week,,14,https://www.niid.go.jp/niid/en/survaillance-data-table-english.html?start=167
Total No.,2020-1-3,2020,53,Pertussis,Current week,,3,https://www.niid.go.jp/niid/en/survaillance-data-table-english.html?start=166
Total No.,2021-1-10,2021,1,Pertussis,Current week,,8,https://www.niid.go.jp/niid/en/survaillance-data-table-english.html?start=165
Total No.,2021-1-17,2021,2,Pertussis,Current week,,5,https://www.niid.go.jp/niid/en/survaillance-data-table-english.html?start=164
Total No.,2021-1-24,2021,3,Pertussis,Current week,,10,https://www.niid.go.jp/niid/en/survaillance-data-table-english.html?start=163
Total No.,2021-1-31,2021,4,Pertussis,Current week,,10,https://www.niid.go.jp/niid/en/survaillance-data-table-english.html?start=162
Total No.,2021-2-7,2021,5,Pertussis,Current week,,11,https://www.niid.go.jp/niid/en/survaillance-data-table-english.html?start=161
Total No.,2021-2-14,2021,6,Pertussis,Current week,,9,https://www.niid.go.jp/niid/en/survaillance-data-table-english.html?start=160
Total No.,2021-2-21,2021,7,Pertussis,Current week,,4,https://www.niid.go.jp/niid/en/survaillance-data-table-english.html?start=159
Total No.,2021-2-28,2021,8,Pertussis,Current week,,7,https://www.niid.go.jp/niid/en/survaillance-data-table-english.html?start=158
Total No.,2021-3-7,2021,9,Pertussis,Current week,,14,https://www.niid.go.jp/niid/en/survaillance-data-table-english.html?start=157
Total No.,2021-3-14,2021,10,Pertussis,Current week,,11,https://www.niid.go.jp/niid/en/survaillance-data-table-english.html?start=156
Total No.,2021-3-21,2021,11,Pertussis,Current week,,7,https://www.niid.go.jp/niid/en/survaillance-data-table-english.html?start=155
Total No.,2021-3-28,2021,12,Pertussis,Current week,,10,https://www.niid.go.jp/niid/en/survaillance-data-table-english.html?start=154
Total No.,2021-4-4,2021,13,Pertussis,Current week,,2,https://www.niid.go.jp/niid/en/survaillance-data-table-english.html?start=153
Total No.,2021-4-11,2021,14,Pertussis,Current week,,4,https://www.niid.go.jp/niid/en/survaillance-data-table-english.html?start=152
Total No.,2021-4-18,2021,15,Pertussis,Current week,,7,https://www.niid.go.jp/niid/en/survaillance-data-table-english.html?start=151
Total No.,2021-4-25,2021,16,Pertussis,Current week,,6,https://www.niid.go.jp/niid/en/survaillance-data-table-english.html?start=150
Total No.,2021-5-2,2021,17,Pertussis,Current week,,3,https://www.niid.go.jp/niid/en/survaillance-data-table-english.html?start=149
Total No.,2021-5-9,2021,18,Pertussis,Current week,,5,https://www.niid.go.jp/niid/en/survaillance-data-table-english.html?start=148
Total No.,2021-5-16,2021,19,Pertussis,Current week,,8,https://www.niid.go.jp/niid/en/survaillance-data-table-english.html?start=147
Total No.,2021-5-23,2021,20,Pertussis,Current week,,11,https://www.niid.go.jp/niid/en/survaillance-data-table-english.html?start=146
Total No.,2021-5-30,2021,21,Pertussis,Current week,,8,https://www.niid.go.jp/niid/en/survaillance-data-table-english.html?start=145
Total No.,2021-6-6,2021,22,Pertussis,Current week,,4,https://www.niid.go.jp/niid/en/survaillance-data-table-english.html?start=144
Total No.,2021-6-13,2021,23,Pertussis,Current week,,10,https://www.niid.go.jp/niid/en/survaillance-data-table-english.html?start=143
Total No.,2021-6-20,2021,24,Pertussis,Current week,,7,https://www.niid.go.jp/niid/en/survaillance-data-table-english.html?start=142
Total No.,2021-6-27,2021,25,Pertussis,Current week,,12,https://www.niid.go.jp/niid/en/survaillance-data-table-english.html?start=141
Total No.,2021-7-4,2021,26,Pertussis,Current week,,20,https://www.niid.go.jp/niid/en/survaillance-data-table-english.html?start=140
Total No.,2021-7-11,2021,27,Pertussis,Current week,,17,https://www.niid.go.jp/niid/en/survaillance-data-table-english.html?start=139
Total No.,2021-7-18,2021,28,Pertussis,Current week,,8,https://www.niid.go.jp/niid/en/survaillance-data-table-english.html?start=138
Total No.,2021-7-25,2021,29,Pertussis,Current week,,5,https://www.niid.go.jp/niid/en/survaillance-data-table-english.html?start=137
Total No.,2021-8-1,2021,30,Pertussis,Current week,,6,https://www.niid.go.jp/niid/en/survaillance-data-table-english.html?start=136
Total No.,2021-8-8,2021,31,Pertussis,Current week,,6,https://www.niid.go.jp/niid/en/survaillance-data-table-english.html?start=135
Total No.,2021-8-15,2021,32,Pertussis,Current week,,5,https://www.niid.go.jp/niid/en/survaillance-data-table-english.html?start=134
Total No.,2021-8-22,2021,33,Pertussis,Current week,,7,https://www.niid.go.jp/niid/en/survaillance-data-table-english.html?start=133
Total No.,2021-8-29,2021,34,Pertussis,Current week,,9,https://www.niid.go.jp/niid/en/survaillance-data-table-english.html?start=132
Total No.,2021-9-5,2021,35,Pertussis,Current week,,4,https://www.niid.go.jp/niid/en/survaillance-data-table-english.html?start=131
Total No.,2021-9-12,2021,36,Pertussis,Current week,,9,https://www.niid.go.jp/niid/en/survaillance-data-table-english.html?start=130
Total No.,2021-9-19,2021,37,Pertussis,Current week,,15,https://www.niid.go.jp/niid/en/survaillance-data-table-english.html?start=129
Total No.,2021-9-26,2021,38,Pertussis,Current week,,8,https://www.niid.go.jp/niid/en/survaillance-data-table-english.html?start=128
Total No.,2021-10-3,2021,39,Pertussis,Current week,,7,https://www.niid.go.jp/niid/en/survaillance-data-table-english.html?start=127
Total No.,2021-10-10,2021,40,Pertussis,Current week,,9,https://www.niid.go.jp/niid/en/survaillance-data-table-english.html?start=126
Total No.,2021-10-17,2021,41,Pertussis,Current week,,21,https://www.niid.go.jp/niid/en/survaillance-data-table-english.html?start=125
Total No.,2021-10-24,2021,42,Pertussis,Current week,,10,https://www.niid.go.jp/niid/en/survaillance-data-table-english.html?start=124
Total No.,2021-10-31,2021,43,Pertussis,Current week,,13,https://www.niid.go.jp/niid/en/survaillance-data-table-english.html?start=123
Total No.,2021-11-7,2021,44,Pertussis,Current week,,19,https://www.niid.go.jp/niid/en/survaillance-data-table-english.html?start=122
Total No.,2021-11-14,2021,45,Pertussis,Current week,,13,https://www.niid.go.jp/niid/en/survaillance-data-table-english.html?start=121
Total No.,2021-11-21,2021,46,Pertussis,Current week,,18,https://www.niid.go.jp/niid/en/survaillance-data-table-english.html?start=120
Total No.,2021-11-28,2021,47,Pertussis,Current week,,24,https://www.niid.go.jp/niid/en/survaillance-data-table-english.html?start=119
Total No.,2021-12-5,2021,48,Pertussis,Current week,,25,https://www.niid.go.jp/niid/en/survaillance-data-table-english.html?start=118
Total No.,2021-12-12,2021,49,Pertussis,Current week,,26,https://www.niid.go.jp/niid/en/survaillance-data-table-english.html?start=117
Total No.,2021-12-19,2021,50,Pertussis,Current week,,21,https://www.niid.go.jp/niid/en/survaillance-data-table-english.html?start=116
Total No.,2021-12-26,2021,51,Pertussis,Current week,,26,https://www.niid.go.jp/niid/en/survaillance-data-table-english.html?start=115
Total No.,2021-1-2,2021,52,Pertussis,Current week,,19,https://www.niid.go.jp/niid/en/survaillance-data-table-english.html?start=114
Total No.,2022-1-9,2022,1,Pertussis,Current week,,14,https://www.niid.go.jp/niid/en/survaillance-data-table-english.html?start=113
Total No.,2022-1-16,2022,2,Pertussis,Current week,,5,https://www.niid.go.jp/niid/en/survaillance-data-table-english.html?start=112
Total No.,2022-1-23,2022,3,Pertussis,Current week,,10,https://www.niid.go.jp/niid/en/survaillance-data-table-english.html?start=111
Total No.,2022-1-30,2022,4,Pertussis,Current week,,7,https://www.niid.go.jp/niid/en/survaillance-data-table-english.html?start=110
Total No.,2022-2-6,2022,5,Pertussis,Current week,,4,https://www.niid.go.jp/niid/en/survaillance-data-table-english.html?start=109
Total No.,2022-2-13,2022,6,Pertussis,Current week,,4,https://www.niid.go.jp/niid/en/survaillance-data-table-english.html?start=108
Total No.,2022-2-20,2022,7,Pertussis,Current week,,8,https://www.niid.go.jp/niid/en/survaillance-data-table-english.html?start=107
Total No.,2022-2-27,2022,8,Pertussis,Current week,,10,https://www.niid.go.jp/niid/en/survaillance-data-table-english.html?start=106
Total No.,2022-3-6,2022,9,Pertussis,Current week,,13,https://www.niid.go.jp/niid/en/survaillance-data-table-english.html?start=105
Total No.,2022-3-13,2022,10,Pertussis,Current week,,4,https://www.niid.go.jp/niid/en/survaillance-data-table-english.html?start=104
Total No.,2022-3-20,2022,11,Pertussis,Current week,,6,https://www.niid.go.jp/niid/en/survaillance-data-table-english.html?start=103
Total No.,2022-3-27,2022,12,Pertussis,Current week,,8,https://www.niid.go.jp/niid/en/survaillance-data-table-english.html?start=102
Total No.,2022-4-3,2022,13,Pertussis,Current week,,7,https://www.niid.go.jp/niid/en/survaillance-data-table-english.html?start=101
Total No.,2022-4-10,2022,14,Pertussis,Current week,,5,https://www.niid.go.jp/niid/en/survaillance-data-table-english.html?start=100
Total No.,2022-4-17,2022,15,Pertussis,Current week,,4,https://www.niid.go.jp/niid/en/survaillance-data-table-english.html?start=99
Total No.,2022-4-24,2022,16,Pertussis,Current week,,1,https://www.niid.go.jp/niid/en/survaillance-data-table-english.html?start=98
Total No.,2022-5-1,2022,17,Pertussis,Current week,,6,https://www.niid.go.jp/niid/en/survaillance-data-table-english.html?start=97
Total No.,2022-5-8,2022,18,Pertussis,Current week,,4,https://www.niid.go.jp/niid/en/survaillance-data-table-english.html?start=96
Total No.,2022-5-15,2022,19,Pertussis,Current week,,8,https://www.niid.go.jp/niid/en/survaillance-data-table-english.html?start=95
Total No.,2022-5-22,2022,20,Pertussis,Current week,,7,https://www.niid.go.jp/niid/en/survaillance-data-table-english.html?start=94
Total No.,2022-5-29,2022,21,Pertussis,Current week,,7,https://www.niid.go.jp/niid/en/survaillance-data-table-english.html?start=93
Total No.,2022-6-5,2022,22,Pertussis,Current week,,5,https://www.niid.go.jp/niid/en/survaillance-data-table-english.html?start=92
Total No.,2022-6-12,2022,23,Pertussis,Current week,,4,https://www.niid.go.jp/niid/en/survaillance-data-table-english.html?start=91
Total No.,2022-6-19,2022,24,Pertussis,Current week,,11,https://www.niid.go.jp/niid/en/survaillance-data-table-english.html?start=90
Total No.,2022-6-26,2022,25,Pertussis,Current week,,8,https://www.niid.go.jp/niid/en/survaillance-data-table-english.html?start=89
Total No.,2022-7-3,2022,26,Pertussis,Current week,,6,https://www.niid.go.jp/niid/en/survaillance-data-table-english.html?start=88
Total No.,2022-7-10,2022,27,Pertussis,Current week,,6,https://www.niid.go.jp/niid/en/survaillance-data-table-english.html?start=87
Total No.,2022-7-17,2022,28,Pertussis,Current week,,3,https://www.niid.go.jp/niid/en/survaillance-data-table-english.html?start=86
Total No.,2022-7-24,2022,29,Pertussis,Current week,,1,https://www.niid.go.jp/niid/en/survaillance-data-table-english.html?start=85
Total No.,2022-7-31,2022,30,Pertussis,Current week,,4,https://www.niid.go.jp/niid/en/survaillance-data-table-english.html?start=84
Total No.,2022-8-7,2022,31,Pertussis,Current week,,4,https://www.niid.go.jp/niid/en/survaillance-data-table-english.html?start=83
Total No.,2022-8-14,2022,32,Pertussis,Current week,,5,https://www.niid.go.jp/niid/en/survaillance-data-table-english.html?start=82
Total No.,2022-8-21,2022,33,Pertussis,Current week,,1,https://www.niid.go.jp/niid/en/survaillance-data-table-english.html?start=81
Total No.,2022-8-28,2022,34,Pertussis,Current week,,2,https://www.niid.go.jp/niid/en/survaillance-data-table-english.html?start=80
Total No.,2022-9-4,2022,35,Pertussis,Current week,,8,https://www.niid.go.jp/niid/en/survaillance-data-table-english.html?start=79
Total No.,2022-9-11,2022,36,Pertussis,Current week,,13,https://www.niid.go.jp/niid/en/survaillance-data-table-english.html?start=78
Total No.,2022-9-18,2022,37,Pertussis,Current week,,6,https://www.niid.go.jp/niid/en/survaillance-data-table-english.html?start=77
Total No.,2022-9-25,2022,38,Pertussis,Current week,,5,https://www.niid.go.jp/niid/en/survaillance-data-table-english.html?start=76
Total No.,2022-10-2,2022,39,Pertussis,Current week,,6,https://www.niid.go.jp/niid/en/survaillance-data-table-english.html?start=75
Total No.,2022-10-9,2022,40,Pertussis,Current week,,2,https://www.niid.go.jp/niid/en/survaillance-data-table-english.html?start=74
Total No.,2022-10-16,2022,41,Pertussis,Current week,,5,https://www.niid.go.jp/niid/en/survaillance-data-table-english.html?start=73
Total No.,2022-10-23,2022,42,Pertussis,Current week,,14,https://www.niid.go.jp/niid/en/survaillance-data-table-english.html?start=72
Total No.,2022-10-30,2022,43,Pertussis,Current week,,9,https://www.niid.go.jp/niid/en/survaillance-data-table-english.html?start=71
Total No.,2022-11-6,2022,44,Pertussis,Current week,,6,https://www.niid.go.jp/niid/en/survaillance-data-table-english.html?start=70
Total No.,2022-11-13,2022,45,Pertussis,Current week,,8,https://www.niid.go.jp/niid/en/survaillance-data-table-english.html?start=69
Total No.,2022-11-20,2022,46,Pertussis,Current week,,12,https://www.niid.go.jp/niid/en/survaillance-data-table-english.html?start=68
Total No.,2022-11-27,2022,47,Pertussis,Current week,,18,https://www.niid.go.jp/niid/en/survaillance-data-table-english.html?start=67
Total No.,2022-12-4,2022,48,Pertussis,Current week,,15,https://www.niid.go.jp/niid/en/survaillance-data-table-english.html?start=66
Total No.,2022-12-11,2022,49,Pertussis,Current week,,7,https://www.niid.go.jp/niid/en/survaillance-data-table-english.html?start=65
Total No.,2022-12-18,2022,50,Pertussis,Current week,,8,https://www.niid.go.jp/niid/en/survaillance-data-table-english.html?start=64
Total No.,2022-12-25,2022,51,Pertussis,Current week,,4,https://www.niid.go.jp/niid/en/survaillance-data-table-english.html?start=63
Total No.,2022-1-1,2022,52,Pertussis,Current week,,3,https://www.niid.go.jp/niid/en/survaillance-data-table-english.html?start=62
Total No.,2023-1-8,2023,1,Pertussis,Current week,,3,https://www.niid.go.jp/niid/en/survaillance-data-table-english.html?start=61
Total No.,2023-1-15,2023,2,Pertussis,Current week,,8,https://www.niid.go.jp/niid/en/survaillance-data-table-english.html?start=60
Total No.,2023-1-22,2023,3,Pertussis,Current week,,6,https://www.niid.go.jp/niid/en/survaillance-data-table-english.html?start=59
Total No.,2023-1-29,2023,4,Pertussis,Current week,,9,https://www.niid.go.jp/niid/en/survaillance-data-table-english.html?start=58
Total No.,2023-2-5,2023,5,Pertussis,Current week,,9,https://www.niid.go.jp/niid/en/survaillance-data-table-english.html?start=57
Total No.,2023-2-12,2023,6,Pertussis,Current week,,12,https://www.niid.go.jp/niid/en/survaillance-data-table-english.html?start=56
Total No.,2023-2-19,2023,7,Pertussis,Current week,,11,https://www.niid.go.jp/niid/en/survaillance-data-table-english.html?start=55
Total No.,2023-2-26,2023,8,Pertussis,Current week,,11,https://www.niid.go.jp/niid/en/survaillance-data-table-english.html?start=54
Total No.,2023-3-5,2023,9,Pertussis,Current week,,9,https://www.niid.go.jp/niid/en/survaillance-data-table-english.html?start=53
Total No.,2023-3-12,2023,10,Pertussis,Current week,,4,https://www.niid.go.jp/niid/en/survaillance-data-table-english.html?start=52
Total No.,2023-3-19,2023,11,Pertussis,Current week,,8,https://www.niid.go.jp/niid/en/survaillance-data-table-english.html?start=51
Total No.,2023-3-26,2023,12,Pertussis,Current week,,4,https://www.niid.go.jp/niid/en/survaillance-data-table-english.html?start=50
Total No.,2023-4-2,2023,13,Pertussis,Current week,,18,https://www.niid.go.jp/niid/en/survaillance-data-table-english.html?start=49
Total No.,2023-4-9,2023,14,Pertussis,Current week,,15,https://www.niid.go.jp/niid/en/survaillance-data-table-english.html?start=48
Total No.,2023-4-16,2023,15,Pertussis,Current week,,8,https://www.niid.go.jp/niid/en/survaillance-data-table-english.html?start=47
Total No.,2023-4-23,2023,16,Pertussis,Current week,,7,https://www.niid.go.jp/niid/en/survaillance-data-table-english.html?start=46
Total No.,2023-4-30,2023,17,Pertussis,Current week,,16,https://www.niid.go.jp/niid/en/survaillance-data-table-english.html?start=45
Total No.,2023-5-7,2023,18,Pertussis,Current week,,6,https://www.niid.go.jp/niid/en/survaillance-data-table-english.html?start=44
Total No.,2023-5-14,2023,19,Pertussis,Current week,,14,https://www.niid.go.jp/niid/en/survaillance-data-table-english.html?start=43
Total No.,2023-5-21,2023,20,Pertussis,Current week,,22,https://www.niid.go.jp/niid/en/survaillance-data-table-english.html?start=42
Total No.,2023-5-28,2023,21,Pertussis,Current week,,23,https://www.niid.go.jp/niid/en/survaillance-data-table-english.html?start=41
Total No.,2023-6-4,2023,22,Pertussis,Current week,,20,https://www.niid.go.jp/niid/en/survaillance-data-table-english.html?start=40
Total No.,2023-6-11,2023,23,Pertussis,Current week,,17,https://www.niid.go.jp/niid/en/survaillance-data-table-english.html?start=39
Total No.,2023-6-18,2023,24,Pertussis,Current week,,24,https://www.niid.go.jp/niid/en/survaillance-data-table-english.html?start=38
Total No.,2023-6-25,2023,25,Pertussis,Current week,,30,https://www.niid.go.jp/niid/en/survaillance-data-table-english.html?start=37
Total No.,2023-7-2,2023,26,Pertussis,Current week,,13,https://www.niid.go.jp/niid/en/survaillance-data-table-english.html?start=36
Total No.,2023-7-9,2023,27,Pertussis,Current week,,21,https://www.niid.go.jp/niid/en/survaillance-data-table-english.html?start=35
Total No.,2023-7-16,2023,28,Pertussis,Current week,,26,https://www.niid.go.jp/niid/en/survaillance-data-table-english.html?start=34
Total No.,2023-7-23,2023,29,Pertussis,Current week,,27,https://www.niid.go.jp/niid/en/survaillance-data-table-english.html?start=33
Total No.,2023-7-30,2023,30,Pertussis,Current week,,24,https://www.niid.go.jp/niid/en/survaillance-data-table-english.html?start=32
Total No.,2023-8-6,2023,31,Pertussis,Current week,,18,https://www.niid.go.jp/niid/en/survaillance-data-table-english.html?start=31
Total No.,2023-8-13,2023,32,Pertussis,Current week,,12,https://www.niid.go.jp/niid/en/survaillance-data-table-english.html?start=30
Total No.,2023-8-20,2023,33,Pertussis,Current week,,14,https://www.niid.go.jp/niid/en/survaillance-data-table-english.html?start=29
Total No.,2023-8-27,2023,34,Pertussis,Current week,,18,https://www.niid.go.jp/niid/en/survaillance-data-table-english.html?start=28
Total No.,2023-9-3,2023,35,Pertussis,Current week,,11,https://www.niid.go.jp/niid/en/survaillance-data-table-english.html?start=27
Total No.,2023-9-10,2023,36,Pertussis,Current week,,10,https://www.niid.go.jp/niid/en/survaillance-data-table-english.html?start=26
Total No.,2023-9-17,2023,37,Pertussis,Current week,,18,https://www.niid.go.jp/niid/en/survaillance-data-table-english.html?start=25
Total No.,2023-9-24,2023,38,Pertussis,Current week,,8,https://www.niid.go.jp/niid/en/survaillance-data-table-english.html?start=24
Total No.,2023-10-1,2023,39,Pertussis,Current week,,14,https://www.niid.go.jp/niid/en/survaillance-data-table-english.html?start=23
Total No.,2023-10-8,2023,40,Pertussis,Current week,,26,https://www.niid.go.jp/niid/en/survaillance-data-table-english.html?start=22
Total No.,2023-10-15,2023,41,Pertussis,Current week,,20,https://www.niid.go.jp/niid/en/survaillance-data-table-english.html?start=21
Total No.,2023-10-22,2023,42,Pertussis,Current week,,30,https://www.niid.go.jp/niid/en/survaillance-data-table-english.html?start=20
Total No.,2023-10-29,2023,43,Pertussis,Current week,,15,https://www.niid.go.jp/niid/en/survaillance-data-table-english.html?start=19
Total No.,2023-11-5,2023,44,Pertussis,Current week,,19,https://www.niid.go.jp/niid/en/survaillance-data-table-english.html?start=18
Total No.,2023-11-12,2023,45,Pertussis,Current week,,22,https://www.niid.go.jp/niid/en/survaillance-data-table-english.html?start=17
Total No.,2023-11-19,2023,46,Pertussis,Current week,,27,https://www.niid.go.jp/niid/en/survaillance-data-table-english.html?start=16
Total No.,2023-11-26,2023,47,Pertussis,Current week,,9,https://www.niid.go.jp/niid/en/survaillance-data-table-english.html?start=15
Total No.,2023-12-3,2023,48,Pertussis,Current week,,22,https://www.niid.go.jp/niid/en/survaillance-data-table-english.html?start=14
Total No.,2023-12-10,2023,49,Pertussis,Current week,,29,https://www.niid.go.jp/niid/en/survaillance-data-table-english.html?start=13
Total No.,2023-12-17,2023,50,Pertussis,Current week,,19,https://www.niid.go.jp/niid/en/survaillance-data-table-english.html?start=12
Total No.,2023-12-24,2023,51,Pertussis,Current week,,20,https://www.niid.go.jp/niid/en/survaillance-data-table-english.html?start=11
Total No.,2023-12-31,2023,52,Pertussis,Current week,,9,https://www.niid.go.jp/niid/en/survaillance-data-table-english.html?start=10
Total No.,2024-1-7,2024,1,Pertussis,Current week,,3,https://www.niid.go.jp/niid/en/survaillance-data-table-english.html?start=9
Total No.,2024-1-14,2024,2,Pertussis,Current week,,5,https://www.niid.go.jp/niid/en/survaillance-data-table-english.html?start=8
Total No.,2024-1-21,2024,3,Pertussis,Current week,,7,https://www.niid.go.jp/niid/en/survaillance-data-table-english.html?start=7
Total No.,2024-1-28,2024,4,Pertussis,Current week,,8,https://www.niid.go.jp/niid/en/survaillance-data-table-english.html?start=6
Total No.,2024-2-4,2024,5,Pertussis,Current week,,14,https://www.niid.go.jp/niid/en/survaillance-data-table-english.html?start=5
Total No.,2024-2-11,2024,6,Pertussis,Current week,,8,https://www.niid.go.jp/niid/en/survaillance-data-table-english.html?start=4
Total No.,2024-2-18,2024,7,Pertussis,Current week,,8,https://www.niid.go.jp/niid/en/survaillance-data-table-english.html?start=3
Total No.,2024-2-25,2024,8,Pertussis,Current week,,7,https://www.niid.go.jp/niid/en/survaillance-data-table-english.html?start=2
Total No.,2024-3-3,2024,9,Pertussis,Current week,,12,https://www.niid.go.jp/niid/en/survaillance-data-table-english.html?start=1
